,SK_ID_CURR,AMT_PAYMENT,AMT_ANNUITY,AMT_CREDIT,CNT_PAYMENT,DAYS_BIRTH,DAYS_EMPLOYED,ANNUITY_INCOME_PERC,EXT_SOURCE_1,EXT_SOURCE_2,EXT_SOURCE_3,TARGET
2,447649,22124.52,13500.0,270000.0,10.0,-14585,-1214.0,0.12,0.788,0.7734,0.3232,0.0
17,118955,2383747.5,28300.5,440784.0,26.0,-17932,-4002.0,0.17968571,0.553,0.4634,0.6787,0.0
22,289458,84207.914,27193.5,450000.0,12.0,-13340,-1363.0,0.20143333,0.286,0.4805,0.583,0.0
23,400827,2201685.8,53482.5,1345311.0,28.5,-19049,-5034.0,0.1485625,0.3953,0.5933,0.5063,0.0
26,243960,845218.06,36459.0,755190.0,7.145,-11294,-4446.0,0.20255,0.196,0.529,0.6465,0.0
35,401423,210844.25,37800.0,1288350.0,9.336,-11575,-897.0,0.12,0.652,0.3728,0.3376,0.0
36,209236,90325.22,40234.5,752742.0,12.0,-16749,-6837.0,0.29803333,0.7607,0.2961,0.6494,0.0
38,304050,1759915.1,44617.5,1125000.0,12.0,-15977,-3177.0,0.3305,0.585,0.368,0.4668,0.0
44,129189,247227.34,25227.0,253737.0,7.715,-17668,-492.0,0.124577776,0.6045,0.532,0.6924,0.0
50,433550,98563.86,30987.0,392238.0,12.0,-12024,-1381.0,0.45906666,0.5796,0.3242,0.833,0.0
59,186501,46530.586,46773.0,543469.5,6.0,-15014,-1178.0,0.5197,0.807,0.6665,0.7266,0.0
62,122454,68484.33,13500.0,270000.0,6.0,-16919,-850.0,0.046153847,0.634,0.6147,0.683,0.0
64,392690,3431932.0,68679.0,668983.5,18.0,-15583,-1608.0,0.12718333,0.8984,0.3992,0.4976,0.0
66,266033,376133.8,8140.5,76752.0,6.445,-11898,-1313.0,0.0603,0.3975,0.652,0.1809,0.0
70,139915,83532.33,15943.5,339241.5,12.0,-19288,-5172.0,0.17715,0.709,0.5747,0.5137,0.0
71,134941,150346.62,23692.5,508495.5,15.0,-15644,-2985.0,0.131625,0.3828,0.015305,0.3843,0.0
72,208633,801172.9,46084.5,900000.0,18.0,-16219,-4873.0,0.34136668,0.8687,0.3127,0.3232,0.0
74,284233,5048787.0,39519.0,771493.5,20.0,-19290,-1027.0,0.19515556,0.706,0.4014,0.4849,0.0
75,451752,52879.5,26532.0,628114.5,24.0,-16142,-1857.0,0.16845714,0.845,0.693,0.7295,0.0
76,448430,2327255.0,35253.0,1201207.5,14.0,-22472,-5003.0,0.21172974,0.7817,0.504,0.391,0.0
81,349499,254549.78,52303.5,1369773.0,23.33,-20277,-350.0,0.2582889,0.8174,0.6855,0.712,0.0
82,281540,137488.19,9000.0,180000.0,12.0,-10205,-1230.0,0.1,0.501,0.3616,0.6865,0.0
85,250399,357724.94,43551.0,1350000.0,10.0,-10312,-1673.0,0.13825715,0.2051,0.4893,0.1317,0.0
88,108253,248759.14,64516.5,679500.0,9.6,-10997,-579.0,0.3186,0.3433,0.6206,0.5674,0.0
92,112675,93208.766,9319.5,180000.0,6.0,-14942,-122.0,0.10355,0.4429,0.5728,0.833,0.0
96,401818,28550.16,43659.0,550980.0,6.0,-12107,-4646.0,0.17021053,0.3164,0.545,0.2115,0.0
97,135936,2337484.8,35140.5,829440.0,16.0,-10847,-3714.0,0.195225,0.3987,0.645,0.587,0.0
99,210076,371339.2,22239.0,285723.0,24.0,-10291,-2425.0,0.08236667,0.3987,0.6226,0.4102,0.0
105,143054,228004.86,31630.5,521280.0,24.0,-14340,-458.0,0.3905,0.0925,0.566,0.1952,0.0
111,198821,34699.816,6750.0,135000.0,6.0,-18565,-1586.0,0.15,0.327,0.4675,0.11536,0.0
112,122707,76764.195,12375.0,247500.0,12.0,-17553,-4934.0,0.1375,0.7246,0.1406,0.7354,0.0
115,125202,182985.08,20250.0,405000.0,35.0,-19547,-1385.0,0.15,0.3047,0.6216,0.0005274,0.0
116,285208,1394127.6,15970.5,359685.0,11.6,-16253,-115.0,0.07886667,0.4407,0.775,0.774,0.0
118,357586,35931.15,26217.0,808650.0,10.0,-17819,-1226.0,0.23304,0.7847,0.609,0.3706,0.0
124,154116,508466.56,34960.5,723996.0,16.67,-10199,-2005.0,0.25896665,0.5127,0.55,0.3076,0.0
129,186636,29266.11,62964.0,983160.0,6.0,-12327,-3677.0,0.39977142,0.3875,0.75,0.517,0.0
130,200672,129825.0,21771.0,401386.5,24.0,-8461,-510.0,0.17278571,0.1318,0.3933,0.3723,0.0
133,224267,73052.33,21366.0,208512.0,6.0,-8629,-1261.0,0.105511114,0.07916,0.7036,0.613,0.0
136,308737,557521.5,26703.0,807984.0,15.336,-15670,-1760.0,0.16954286,0.2634,0.542,0.2527,0.0
137,102211,534784.5,32233.5,1098000.0,24.0,-18930,-3218.0,0.28652,0.4358,0.3242,0.669,0.0
138,182750,161668.08,43969.5,450000.0,10.0,-19493,-11988.0,0.09970408,0.877,0.5723,0.666,0.0
146,342610,212154.39,41661.0,983299.5,12.0,-15225,-224.0,0.37032,0.3994,0.56,0.7544,0.0
147,334656,161019.17,36238.5,819792.0,8.0,-21209,-881.0,0.201325,0.8716,0.6704,0.234,0.0
148,259764,183999.95,51552.0,1350000.0,12.0,-18252,-6967.0,0.2545778,0.8354,0.4785,0.7715,0.0
157,165623,700912.25,18850.5,178290.0,7.11,-11309,-3156.0,0.08912766,0.253,0.646,0.1725,0.0
158,118588,289851.22,24592.5,508495.5,18.0,-10938,-257.0,0.15614286,0.322,0.628,0.369,0.0
162,409346,61909.02,16636.5,499500.0,4.0,-15896,-631.0,0.09728947,0.6265,0.637,0.2942,0.0
164,107772,154840.23,33025.5,1125000.0,24.0,-19356,-12478.0,0.19835135,0.797,0.4294,0.63,0.0
168,397394,381802.38,44932.5,877500.0,8.0,-13358,-752.0,0.3994,0.3794,0.4429,0.599,0.0
172,335205,209270.56,13986.0,162000.0,15.2,-13445,-399.0,0.1036,0.4546,0.4663,0.182,0.0
174,174935,42289.74,28462.5,239850.0,11.0,-17054,-4680.0,0.09035714,0.4692,0.599,0.2472,0.0
180,393084,132259.6,23107.5,593010.0,23.0,-9881,-1293.0,0.13513158,0.2219,0.718,0.4258,0.0
182,324051,106316.68,38038.5,742500.0,13.0,-14410,-792.0,0.1536909,0.351,0.3884,0.571,0.0
187,197464,197556.97,26860.5,338314.5,18.0,-18227,-1754.0,0.23876,0.5435,0.6953,0.537,0.0
188,213660,550436.25,37377.0,345843.0,12.0,-14110,-684.0,0.11074667,0.6606,0.5024,0.6753,0.0
193,456101,134594.23,16200.0,364896.0,12.0,-10899,-1956.0,0.2,0.1737,0.5825,0.2793,0.0
194,118167,120977.95,31392.0,781920.0,6.0,-13652,-1975.0,0.09301333,0.476,0.7544,0.3557,0.0
200,355465,970555.4,26986.5,576072.0,16.33,-17809,-549.0,0.149925,0.3967,0.661,0.4526,0.0
201,156317,768977.4,25848.0,503676.0,12.0,-19304,-1367.0,0.22976,0.73,0.8003,0.592,0.0
205,127206,616967.06,10296.0,199152.0,6.5,-11036,-4301.0,0.07626667,0.2368,0.415,0.44,0.0
206,132351,283524.97,14103.0,276277.5,10.0,-9969,-2460.0,0.12536,0.2527,0.531,0.3474,0.0
209,254018,43261.65,23692.5,450000.0,9.664,-10313,-104.0,0.15042858,0.0813,0.225,0.04858,0.0
210,402187,121829.266,40918.5,1264428.0,7.0,-14172,-1843.0,0.15155,0.825,0.6904,0.4688,0.0
216,250248,517443.03,31077.0,780363.0,10.86,-13401,-3739.0,0.17265,0.453,0.5005,0.4365,0.0
218,293934,1271520.6,43312.5,1575000.0,12.336,-13290,-2589.0,0.240625,0.4878,0.737,0.555,0.0
219,104169,158123.8,27193.5,450000.0,11.0,-11391,-1529.0,0.17265715,0.1161,0.6626,0.1863,0.0
221,287910,270341.47,13500.0,270000.0,10.4,-8363,-342.0,0.08571429,0.2588,0.5835,0.6626,0.0
232,306118,2113663.5,46084.5,900000.0,28.8,-15179,-351.0,0.22757778,0.3596,0.5137,0.3328,0.0
233,428655,642147.4,56898.0,781920.0,6.0,-11813,-2320.0,0.15805,0.773,0.709,0.4668,0.0
238,181760,284508.28,18256.5,296280.0,12.0,-23657,-2787.0,0.16904166,0.5635,0.5547,0.749,0.0
240,426817,2735287.8,23710.5,450346.5,12.664,-13613,-3497.0,0.11708889,0.663,0.71,0.2678,0.0
248,356467,491575.6,38322.0,904500.0,7.2,-17763,-9304.0,0.17032,0.5747,0.678,0.6577,0.0
249,450954,216745.73,31131.0,571486.5,28.67,-10597,-478.0,0.086475,0.721,0.4019,0.2566,0.0
259,429296,90405.49,31153.5,592560.0,5.0,-10471,-1312.0,0.13846,0.5137,0.6455,0.1715,0.0
262,334445,1646758.2,40905.0,1550655.0,22.33,-19621,-5791.0,0.113625,0.8916,0.727,0.539,0.0
265,301716,2048274.2,16177.5,152820.0,28.8,-23221,-13578.0,0.102714285,0.8735,0.442,0.6494,0.0
267,431542,1695330.9,32778.0,413235.0,15.6,-12732,-3064.0,0.12558621,0.7334,0.5757,0.2822,0.0
269,172066,250371.0,25969.5,781920.0,10.5,-14115,-5227.0,0.19236666,0.514,0.7334,0.7476,0.0
278,263468,281474.9,40320.0,835380.0,14.0,-9915,-244.0,0.224,0.1714,0.3767,0.535,0.0
279,308855,72634.55,30204.0,450000.0,8.0,-8087,-506.0,0.23971428,0.0889,0.271,0.2458,0.0
281,306053,1368885.4,23467.5,457119.0,14.18,-12891,-2608.0,0.10028846,0.391,0.5044,0.214,0.0
292,320730,269145.28,11250.0,225000.0,14.0,-9769,-975.0,0.1388889,0.3176,0.5933,0.521,0.0
298,242242,297275.72,19998.0,679500.0,19.2,-11744,-4667.0,0.1111,0.3481,0.7407,0.838,0.0
301,270079,89825.0,9000.0,180000.0,12.0,-16416,-1715.0,0.057142857,0.3716,0.1343,0.2925,0.0
304,337127,1860230.9,42291.0,1275772.5,24.0,-16160,-2782.0,0.117475,0.7705,0.3557,0.258,0.0
306,106123,234649.36,13500.0,270000.0,7.332,-10746,-529.0,0.1,0.5522,0.668,0.6816,0.0
310,141193,535999.44,36747.0,675000.0,24.0,-14263,-773.0,0.2722,0.1371,0.3271,0.1863,0.0
321,289841,168492.42,36328.5,953860.5,8.0,-11389,-250.0,0.13455,0.804,0.602,0.63,0.0
324,426445,1868831.6,43191.0,545040.0,7.715,-13150,-2878.0,0.106644444,0.6343,0.4685,0.1998,0.0
328,346022,46787.805,14634.0,549882.0,10.0,-16770,-130.0,0.09291428,0.16,0.544,0.3076,0.0
334,159388,89537.72,11560.5,225000.0,10.0,-9061,-1757.0,0.12845,0.1254,0.2085,0.6943,0.0
335,429020,786092.3,24237.0,444420.0,10.0,-10188,-159.0,0.24481818,0.2507,0.592,0.449,0.0
336,105826,37836.945,9202.5,240660.0,6.0,-13587,-4236.0,0.0409,0.587,0.4897,0.3945,0.0
338,200514,328123.06,21888.0,450000.0,7.668,-12727,-3111.0,0.19456,0.3022,0.664,0.683,0.0
341,183724,997618.25,34465.5,675000.0,41.0,-21871,-5665.0,0.23934375,0.502,0.3474,0.10754,0.0
347,162492,33826.906,26901.0,675000.0,6.0,-16038,-1036.0,0.18115151,0.683,0.6157,0.6626,0.0
348,426106,160103.3,31576.5,1080000.0,5.332,-13466,-2770.0,0.13239622,0.4404,0.4775,0.5117,0.0
350,161769,82054.26,13500.0,270000.0,6.0,-10707,-2515.0,0.075,0.55,0.7256,0.2379,0.0
355,133392,602352.9,51543.0,1006920.0,11.336,-11912,-671.0,0.20825455,0.8315,0.803,0.683,0.0
359,322756,1006007.06,14670.0,135000.0,13.8,-13008,-774.0,0.108666666,0.1545,0.3755,0.2103,0.0
360,268025,1036803.25,42066.0,787131.0,15.336,-14608,-7652.0,0.1558,0.684,0.6157,0.8247,0.0
363,145691,18868.904,34672.5,745429.5,5.0,-19889,-3681.0,0.22014286,0.77,0.63,0.5264,0.0
365,426352,434954.94,26446.5,900000.0,10.0,-14192,-3178.0,0.23508,0.6523,0.4292,0.4084,0.0
372,341470,714764.0,31293.0,263686.5,10.5,-15056,-4243.0,0.27816,0.828,0.6753,0.254,0.0
375,316137,651203.94,39019.5,534451.5,17.5,-11016,-418.0,0.24774286,0.1797,0.248,0.4312,0.0
376,147068,1338703.9,29601.0,612612.0,10.0,-10160,-2747.0,0.23492858,0.1417,0.3608,0.4543,0.0
381,454679,39670.92,64759.5,866133.0,10.0,-13828,-619.0,0.3198,0.5244,0.6143,0.53,0.0
383,259645,5453569.0,49500.0,1800000.0,30.0,-15203,-3456.0,0.10185185,0.623,0.7856,0.553,0.0
385,148207,214802.5,21546.0,540000.0,11.336,-12273,-3034.0,0.1197,0.6284,0.4773,0.3425,0.0
396,223431,987524.9,27985.5,755190.0,15.2,-11635,-3311.0,0.155475,0.7764,0.729,0.5728,0.0
398,245128,679115.7,16366.5,217197.0,12.0,-14067,-7229.0,0.08082222,0.4639,0.0941,0.6924,0.0
400,408096,454575.66,19444.5,348264.0,16.0,-19504,-11171.0,0.21605,0.685,0.6494,0.55,0.0
410,192809,1189796.9,20304.0,625356.0,15.25,-16175,-1004.0,0.12533334,0.3044,0.4907,0.3774,0.0
411,261521,176093.19,26892.0,400500.0,9.0,-8081,-835.0,0.23904,0.194,0.1211,0.576,0.0
413,119571,448459.56,38155.5,1305000.0,13.0,-13336,-908.0,0.94211113,0.3828,0.6616,0.706,0.0
418,409518,97949.43,58333.5,1467612.0,6.0,-17029,-7017.0,0.18518572,0.8286,0.725,0.4634,0.0
419,442447,1180335.2,13455.0,261000.0,10.836,-15137,-507.0,0.19933334,0.577,0.638,0.677,0.0
426,175384,232024.4,8901.0,152820.0,15.336,-16699,-2656.0,0.07912,0.564,0.2468,0.07904,0.0
428,347873,5310656.0,49630.5,1800000.0,33.75,-23355,-420.0,0.24508889,0.797,0.752,0.535,0.0
439,456158,2450045.2,22500.0,450000.0,10.0,-11943,-3214.0,0.09615385,0.2163,0.4143,0.3843,0.0
443,157013,9055123.0,33804.0,298467.0,32.44,-11089,-1256.0,0.10731429,0.2489,0.393,0.2289,0.0
447,129599,721090.2,32553.0,509400.0,8.0,-11433,-602.0,0.2066857,0.294,0.2952,0.4885,0.0
448,343156,165798.14,36328.5,755190.0,11.0,-11978,-1148.0,0.4485,0.4397,0.573,0.599,0.0
451,226482,219639.28,21672.0,508495.5,7.25,-13298,-261.0,0.26755556,0.3914,0.673,0.391,0.0
452,329879,1769797.4,37831.5,478836.0,9.5,-19183,-1490.0,0.28023332,0.531,0.726,0.3474,0.0
455,364132,46268.773,29862.0,675000.0,6.0,-14592,-7880.0,0.2212,0.6543,0.6895,0.669,0.0
456,439963,110014.92,24723.0,505665.0,9.0,-12830,-3119.0,0.18313333,0.723,0.3718,0.5156,0.0
460,105847,97814.25,61785.0,1777500.0,6.0,-18152,-3696.0,0.3051111,0.6113,0.774,0.6094,0.0
461,322471,146957.27,9000.0,180000.0,6.0,-7712,-458.0,0.14285715,0.2725,0.1456,0.1343,0.0
469,245780,130142.92,38686.5,755190.0,6.0,-9381,-2554.0,0.24562857,0.389,0.1781,0.4473,0.0
472,301881,72167.4,23107.5,593010.0,9.0,-13222,-355.0,0.128375,0.4648,0.567,0.4382,0.0
478,360173,86705.09,9000.0,180000.0,36.0,-18479,-10440.0,0.03076923,0.833,0.659,0.325,0.0
479,111464,56009.61,31522.5,1078200.0,8.0,-19107,-745.0,0.2802,0.5103,0.607,0.7476,0.0
482,214104,196638.17,5391.0,184500.0,24.0,-18233,-1225.0,0.09983333,0.494,0.7266,0.3408,0.0
483,225395,187050.69,26712.0,552555.0,10.0,-9614,-142.0,0.19786666,0.5723,0.544,0.597,0.0
484,414017,948275.5,13500.0,270000.0,17.2,-13297,-706.0,0.075,0.4421,0.378,0.2693,0.0
489,369036,191081.38,14661.0,454500.0,5.332,-11928,-1308.0,0.13032,0.888,0.41,0.424,0.0
493,102893,91102.86,40036.5,945000.0,12.0,-18857,-11534.0,0.222425,0.649,0.7246,0.6006,0.0
500,122433,279155.7,20119.5,254700.0,6.0,-12518,-930.0,0.099355556,0.393,0.683,0.576,0.0
502,450313,97955.19,26208.0,684706.5,10.0,-8668,-1332.0,0.224,0.3052,0.4673,0.613,0.0
505,167076,701436.3,12078.0,139230.0,21.0,-16975,-2504.0,0.10736,0.4238,0.3708,0.6626,0.0
507,335780,2316147.5,40320.0,835380.0,20.0,-15831,-159.0,0.128,0.4924,0.05023,0.621,0.0
513,438933,92811.16,9000.0,180000.0,6.0,-9217,-1116.0,0.1,0.5044,0.581,0.456,0.0
516,453786,369380.66,28696.5,427500.0,11.6,-11822,-1883.0,0.25508,0.381,0.718,0.442,0.0
517,153064,2285150.5,20128.5,684000.0,20.5,-14902,-192.0,0.111825,0.2969,0.5713,0.685,0.0
522,328958,90823.41,20596.5,634482.0,26.8,-14816,-187.0,0.09738298,0.5493,0.6074,0.4453,0.0
524,227667,346182.53,18225.0,277969.5,24.0,-17135,-596.0,0.081,0.7583,0.7607,0.786,0.0
526,137626,170334.14,9000.0,180000.0,10.0,-9566,-339.0,0.08,0.3892,0.393,0.458,0.0
527,179777,238080.73,29407.5,573408.0,3.334,-8434,-1831.0,0.10891667,0.263,0.111,0.3945,0.0
532,255685,328159.22,14625.0,292500.0,11.555,-13568,-2388.0,0.14772727,0.547,0.6436,0.4453,0.0
533,119505,63172.617,18873.0,345510.0,12.0,-11689,-584.0,0.2097,0.0922,0.4805,0.3186,0.0
535,263098,1912580.2,26230.5,592560.0,30.8,-18367,-4995.0,0.21588889,0.7373,0.0387,0.3894,0.0
536,196302,382294.9,6750.0,135000.0,10.0,-14421,-1723.0,0.03,0.827,0.739,0.6924,0.0
537,391691,208850.75,35685.0,450000.0,27.0,-10435,-1384.0,0.19825,0.6143,0.5215,0.4153,0.0
543,126769,1996219.0,54004.5,513040.5,12.0,-18405,-141.0,0.26668888,0.3875,0.4446,0.8003,0.0
548,191307,1961560.4,30280.5,760225.5,12.664,-8744,-632.0,0.19225714,0.1686,0.604,0.571,0.0
549,352340,98369.01,21438.0,315000.0,11.336,-9891,-99.0,0.19056,0.1055,0.4214,0.1963,0.0
554,282416,150143.27,49297.5,1024740.0,8.0,-12165,-1212.0,0.273875,0.5127,0.4429,0.834,0.0
561,245505,253966.95,26793.0,447768.0,8.0,-10725,-1393.0,0.11908,0.07745,0.6636,0.419,0.0
564,210532,784191.56,20020.5,454500.0,20.0,-19844,-1817.0,0.13903125,0.4912,0.3232,0.325,0.0
565,123256,473039.3,29178.0,904500.0,17.0,-13632,-3098.0,0.10806666,0.701,0.672,0.5317,0.0
566,268018,852612.0,23386.5,703728.0,7.11,-20309,-537.0,0.14848572,0.7764,0.359,0.766,0.0
571,204058,112668.75,19822.5,450000.0,6.4,-15754,-1908.0,0.1762,0.3142,0.716,0.3523,0.0
573,144417,367035.06,26316.0,900000.0,9.336,-13076,-517.0,0.1462,0.456,0.3154,0.4614,0.0
575,251221,277192.97,12231.0,237024.0,18.0,-11542,-4026.0,0.0906,0.2351,0.5864,0.2277,0.0
580,143578,513939.2,24745.5,558841.5,14.0,-17518,-4778.0,0.15711428,0.6914,0.6245,0.616,0.0
582,181611,661949.9,22878.0,540000.0,28.0,-14678,-3374.0,0.16946666,0.586,0.5405,0.2527,0.0
584,270321,3704106.8,11196.0,251280.0,11.2,-14668,-492.0,0.0622,0.3809,0.6807,0.6924,0.0
585,350113,106824.77,24079.5,543735.0,6.0,-15594,-560.0,0.21404,0.5605,0.0632,0.6514,0.0
587,352245,390860.56,13500.0,270000.0,23.2,-11260,-2551.0,0.1,0.49,0.6357,0.4312,0.0
591,179391,211915.39,26446.5,900000.0,8.0,-14521,-1634.0,0.11478516,0.3875,0.3171,0.6895,0.0
593,375682,619854.4,22810.5,247275.0,9.6,-10154,-2267.0,0.18103571,0.3013,0.07434,0.7,0.0
594,328009,470942.28,5337.0,45000.0,10.664,-8545,-1021.0,0.033885714,0.3064,0.012276,0.2406,0.0
597,205461,270067.6,17370.0,152820.0,8.0,-13021,-913.0,0.12866667,0.496,0.6147,0.555,0.0
598,123233,327605.62,9000.0,180000.0,18.0,-12920,-100.0,0.1,0.0969,0.604,0.374,0.0
602,380507,208262.3,17338.5,299772.0,6.0,-12976,-1338.0,0.064216666,0.7104,0.697,0.3945,0.0
611,121464,114698.7,29839.5,808650.0,12.0,-13102,-1737.0,0.11051667,0.554,0.6587,0.4277,0.0
617,170089,161650.39,16825.5,276277.5,39.0,-14619,-613.0,0.10682857,0.3843,0.5146,0.696,0.0
619,143544,705260.94,31653.0,1078200.0,19.0,-14300,-923.0,0.20097142,0.7397,0.4365,0.3945,0.0
620,406264,90397.125,47322.0,1113840.0,10.0,-12423,-3856.0,0.1643125,0.2856,0.3872,0.4473,0.0
628,255159,99921.28,20767.5,225000.0,25.5,-11736,-578.0,0.20977272,0.4307,0.2542,0.535,0.0
629,454169,82019.92,12942.0,247500.0,10.0,-16224,-5919.0,0.038346667,0.662,0.6587,0.6816,0.0
631,121671,572388.7,13734.0,137538.0,17.67,-13613,-4944.0,0.067822225,0.6978,0.2654,0.746,0.0
635,134990,1578993.4,10125.0,202500.0,14.8,-17361,-1974.0,0.05625,0.774,0.6196,0.4832,0.0
638,292908,56547.72,79578.0,1928304.0,12.0,-14556,-1213.0,0.35368,0.572,0.5493,0.465,0.0
640,157824,278962.1,31140.0,938304.0,14.664,-16956,-2665.0,0.46133333,0.756,0.6587,0.6514,0.0
642,282423,83189.61,29209.5,270000.0,12.0,-15499,-1287.0,0.18545714,0.6914,0.7256,0.4207,0.0
643,331712,753508.8,30141.0,490536.0,18.0,-23068,-13485.0,0.26792,0.758,0.588,0.587,0.0
647,235508,123179.13,12114.0,112500.0,12.0,-11469,-3636.0,0.03365,0.3284,0.4824,0.1852,0.0
648,157791,248082.7,23800.5,814041.0,14.0,-18661,-1845.0,0.07555714,0.636,0.703,0.712,0.0
655,391571,224437.73,12001.5,450000.0,12.0,-12006,-2004.0,0.0889,0.516,0.6187,0.3606,0.0
656,145998,3380504.0,21627.0,598486.5,20.28,-17025,-3264.0,0.12015,0.5312,0.5728,0.653,0.0
665,105650,756631.5,33259.5,835380.0,4.0,-16828,-5716.0,0.12318333,0.573,0.601,0.5815,0.0
666,204764,1892488.5,49266.0,1569051.0,12.29,-15699,-2501.0,0.21896,0.7134,0.6533,0.501,0.0
667,406632,22916.564,32746.5,450000.0,12.0,-10825,-183.0,0.1915,0.6953,0.05908,0.07904,0.0
669,108204,2302301.5,59922.0,1720224.0,14.29,-13114,-3840.0,0.16645,0.5986,0.701,0.3218,0.0
672,272586,581415.2,20596.5,634482.0,10.29,-10358,-729.0,0.22885,0.4731,0.422,0.4277,0.0
676,253507,293077.8,11875.5,315000.0,12.0,-13992,-1046.0,0.11473913,0.7275,0.5786,0.3792,0.0
682,259325,329845.84,29250.0,585000.0,12.0,-16419,-6879.0,0.13,0.736,0.7363,0.1482,0.0
683,323057,2885474.8,12375.0,247500.0,23.14,-13645,-3082.0,0.125,0.4229,0.4077,0.494,0.0
684,222942,3617497.5,28647.0,797557.5,28.5,-20995,-116.0,0.15915,0.782,0.7427,0.611,0.0
685,139789,703925.9,58333.5,1467612.0,8.29,-10557,-1439.0,0.28806666,0.2352,0.589,0.5693,0.0
690,430172,552158.56,26770.5,675000.0,11.5,-18877,-4291.0,0.22880769,0.8535,0.4167,0.833,0.0
693,155238,63618.117,27189.0,562491.0,24.0,-10019,-238.0,0.24168,0.6416,0.631,0.2406,0.0
695,190435,113360.76,26095.5,254700.0,9.0,-12634,-4798.0,0.144975,0.402,0.626,0.4722,0.0
704,275913,2337055.0,46566.0,1096020.0,6.0,-13546,-1569.0,0.29565713,0.6606,0.5825,0.6143,0.0
705,391643,59387.848,33381.0,1006069.5,24.0,-20031,-6133.0,0.24726667,0.809,0.695,0.32,0.0
706,302754,1472775.5,48825.0,1227901.5,12.0,-12609,-2489.0,0.18083334,0.2783,0.6606,0.4634,0.0
708,222027,1407513.9,23931.0,814041.0,15.27,-11306,-3046.0,0.21272,0.11163,0.5786,0.6006,0.0
713,244743,267825.1,16852.5,343800.0,8.0,-9824,-1674.0,0.18725,0.3975,0.7,0.5566,0.0
714,151439,240171.66,28723.5,293535.0,14.0,-20470,-9099.0,0.29013637,0.812,0.605,0.813,0.0
718,369323,88297.695,32548.5,755190.0,9.336,-9073,-699.0,0.18475096,0.4119,0.5728,0.1907,0.0
725,162455,125050.72,30649.5,468733.5,24.0,-10647,-1741.0,0.15135555,0.513,0.5327,0.595,0.0
726,447177,125406.81,36747.0,675000.0,6.0,-15360,-3689.0,0.32664,0.4307,0.723,0.56,0.0
728,211092,21708.586,26194.5,360000.0,9.0,-14873,-988.0,0.064677775,0.552,0.0915,0.424,0.0
731,297537,602183.44,23260.5,717003.0,9.25,-14603,-3622.0,0.18460715,0.3281,0.63,0.674,0.0
742,165920,2874919.2,28570.5,360000.0,16.67,-15140,-2859.0,0.42326668,0.854,0.4954,0.7,0.0
743,104030,68691.055,56520.0,1800000.0,24.0,-12993,-3257.0,0.20933333,0.3953,0.7256,0.5796,0.0
744,245232,196638.44,29601.0,273636.0,24.0,-12500,-4449.0,0.14617778,0.418,0.451,0.403,0.0
745,399928,95205.6,22090.5,277969.5,36.0,-11448,-438.0,0.16363333,0.1376,0.6284,0.3425,0.0
748,169049,241148.02,19255.5,454500.0,12.0,-19729,-1529.0,0.17116,0.6846,0.727,0.7407,0.0
749,159247,1280298.5,21051.0,720000.0,8.86,-12334,-405.0,0.13365714,0.7026,0.676,0.7354,0.0
752,383879,187254.22,26338.5,643500.0,24.22,-8723,-395.0,0.11706,0.2158,0.6387,0.3774,0.0
755,412103,162855.0,10125.0,202500.0,10.0,-13952,-1679.0,0.15,0.4976,0.372,0.611,0.0
756,437230,149084.55,27562.5,354519.0,2.0,-16270,-2144.0,0.153125,0.4207,0.585,0.4526,0.0
764,214231,382452.3,51543.0,1006920.0,8.0,-12778,-1788.0,0.24370213,0.2244,0.4731,0.6865,0.0
765,228251,644147.94,27256.5,343377.0,11.5,-11243,-1043.0,0.151425,0.0986,0.3843,0.685,0.0
768,409719,830288.1,36369.0,1123443.0,15.0,-10308,-2272.0,0.1347,0.3308,0.5483,0.6724,0.0
769,349378,157311.62,31653.0,1078200.0,8.0,-10092,-737.0,0.46893334,0.458,0.4343,0.5103,0.0
775,375772,319634.62,37152.0,909000.0,17.78,-9329,-1331.0,0.18346667,0.257,0.1381,0.4849,0.0
778,342373,89086.414,23872.5,225000.0,12.0,-19709,-1799.0,0.07578571,0.6035,0.6836,0.5815,0.0
779,157077,861039.2,16155.0,343800.0,11.14,-11469,-1125.0,0.10257143,0.339,0.5635,0.4102,0.0
783,255157,190369.3,22018.5,450000.0,19.0,-12565,-169.0,0.10873333,0.4983,0.569,0.2637,0.0
785,242424,684975.7,22500.0,450000.0,9.336,-14912,-914.0,0.16666667,0.65,0.3503,0.712,0.0
788,372921,132792.75,22599.0,284400.0,12.0,-12515,-462.0,0.20088,0.4407,0.4722,0.4436,0.0
791,123962,1854501.5,30730.5,500211.0,22.8,-14310,-1203.0,0.15175556,0.5938,0.6074,0.669,0.0
792,396818,707518.9,20151.0,203760.0,10.0,-14027,-520.0,0.17912,0.2678,0.4084,0.4614,0.0
794,229307,1036231.1,22972.5,518562.0,33.0,-16613,-1329.0,0.24309523,0.4277,0.4844,0.1394,0.0
795,277484,197178.38,26446.5,900000.0,12.0,-13871,-1818.0,0.16791429,0.447,0.3499,0.703,0.0
796,397839,224963.4,23107.5,450000.0,10.5,-11075,-887.0,0.2054,0.6333,0.6465,0.0823,0.0
797,203781,189718.7,20250.0,405000.0,12.0,-17727,-413.0,0.09,0.783,0.629,0.7075,0.0
801,287405,2387525.8,26685.0,970380.0,23.25,-14892,-388.0,0.11617201,0.678,0.569,0.6177,0.0
802,117591,5302350.5,72607.5,2085120.0,21.88,-23049,-3469.0,0.18982352,0.7495,0.03217,0.2056,0.0
809,422380,39180.78,17086.5,315000.0,10.0,-10074,-805.0,0.12656666,0.08844,0.4316,0.3657,0.0
811,379711,1025129.8,17563.5,544491.0,15.08,-16299,-1450.0,0.21683334,0.655,0.6533,0.4436,0.0
813,443493,543560.56,38155.5,790434.0,25.0,-13793,-3838.0,0.15416364,0.3677,0.367,0.746,0.0
816,234154,261610.25,24592.5,508495.5,7.5,-16117,-1047.0,0.18216667,0.661,0.76,0.417,0.0
824,213395,191270.44,39604.5,1350000.0,24.0,-13382,-1215.0,0.19557777,0.427,0.5996,0.623,0.0
826,363832,918588.5,30285.0,1035832.5,25.33,-17175,-1562.0,0.23206897,0.716,0.4836,0.806,0.0
827,140579,288616.12,30528.0,942300.0,26.0,-18895,-309.0,0.22613333,0.10864,0.5205,0.2866,0.0
832,385490,971313.4,28903.5,892044.0,48.0,-20970,-1564.0,0.160575,0.7495,0.5273,0.7295,0.0
834,443826,98140.5,24507.0,315000.0,12.0,-13914,-5157.0,0.18153334,0.3928,0.73,0.5244,0.0
835,274458,2255775.0,32337.0,760225.5,18.0,-16130,-3503.0,0.3593,0.719,0.6367,0.746,0.0
837,127347,544395.56,14661.0,454500.0,27.0,-13926,-3140.0,0.13032,0.401,0.6055,0.2942,0.0
839,397827,84908.43,35122.5,755190.0,6.0,-12236,-1478.0,0.139375,0.48,0.5854,0.5586,0.0
841,428766,105340.37,17055.0,142632.0,24.0,-17894,-6997.0,0.19947368,0.587,0.2534,0.5815,0.0
842,437237,112253.805,16875.0,337500.0,4.0,-11659,-2175.0,0.15,0.515,0.6284,0.4312,0.0
844,449987,957953.94,32206.5,760225.5,9.0,-14412,-232.0,0.23856667,0.338,0.712,0.5884,0.0
848,264716,309118.12,5670.0,54000.0,8.664,-11295,-3131.0,0.0504,0.234,0.3096,0.805,0.0
849,277042,83468.92,24511.5,265851.0,9.0,-10871,-784.0,0.27235,0.0792,0.524,0.7935,0.0
850,191658,1110810.1,34659.0,373140.0,25.67,-11319,-451.0,0.30808,0.1382,0.1495,0.44,0.0
856,281069,948385.0,29583.0,760122.0,20.0,-14884,-1502.0,0.18782857,0.2153,0.2898,0.757,0.0
859,375602,681747.4,54261.0,1460691.0,24.0,-14145,-3708.0,0.096464,0.7285,0.7476,0.592,0.0
860,346535,264942.84,21906.0,675000.0,0.0,-11535,-1213.0,0.09736,0.1366,0.4114,0.7236,0.0
866,423892,267895.34,37125.0,1350000.0,31.42,-16055,-199.0,0.18333334,0.558,0.649,0.5103,0.0
870,108831,837255.8,22657.5,392427.0,14.0,-16345,-1099.0,0.17982143,0.8926,0.6836,0.4277,0.0
874,385298,2694935.2,26217.0,808650.0,19.2,-17630,-5295.0,0.12395745,0.737,0.61,0.391,0.0
875,408984,2501458.2,43659.0,550980.0,24.89,-19192,-4383.0,0.11977778,0.2369,0.6016,0.3572,0.0
879,226124,102452.22,25398.0,573628.5,12.0,-16827,-7792.0,0.2822,0.7397,0.591,0.5938,0.0
880,386559,380067.8,36054.0,497520.0,9.2,-15650,-120.0,0.10682666,0.521,0.7227,0.537,0.0
881,214136,502823.03,54198.0,589500.0,36.0,-12610,-4699.0,0.15055,0.4478,0.541,0.2366,0.0
884,308850,975524.1,27000.0,540000.0,22.5,-15550,-1987.0,0.08571429,0.1271,0.608,0.3345,0.0
892,358100,43272.9,22018.5,450000.0,24.0,-11101,-2700.0,0.18122222,0.1605,0.522,0.6753,0.0
896,113924,467243.62,62707.5,979146.0,14.25,-11615,-2018.0,0.19907142,0.7817,0.5566,0.3557,0.0
898,313933,140332.0,24012.0,664884.0,9.0,-12322,-5227.0,0.15245715,0.67,0.7773,0.424,0.0
899,102552,1955689.1,35635.5,654498.0,35.34,-17764,-1011.0,0.13198334,0.6494,0.537,0.1694,0.0
900,212867,362716.34,17541.0,225000.0,9.336,-13107,-1752.0,0.21655555,0.4712,0.3508,0.3843,0.0
904,361463,1008446.6,46480.5,1762110.0,18.0,-13227,-3236.0,0.258225,0.7383,0.6514,0.7207,0.0
908,147906,1283174.9,45000.0,900000.0,39.34,-10156,-1617.0,0.22222222,0.1466,0.684,0.4258,0.0
909,383495,121757.984,8464.5,132444.0,24.0,-17745,-1302.0,0.09405,0.379,0.4426,0.6577,0.0
912,262852,250157.73,14670.0,135000.0,24.0,-15593,-1899.0,0.326,0.363,0.6636,0.7583,0.0
915,431076,1559956.8,56299.5,1615968.0,18.0,-18478,-1948.0,0.1563875,0.892,0.712,0.5693,0.0
918,305395,672096.4,34650.0,1260000.0,12.0,-15229,-3954.0,0.1925,0.827,0.781,0.5728,0.0
922,373942,121089.87,52321.5,1024740.0,12.0,-15530,-1393.0,0.11627,0.8027,0.5015,0.3945,0.0
923,297350,284867.47,50004.0,746280.0,21.0,-11591,-2131.0,0.20203637,0.7773,0.768,0.419,0.0
930,121699,409374.12,26365.5,619254.0,9.0,-18227,-10809.0,0.3255,0.561,0.332,0.7544,0.0
932,289839,290408.56,35937.0,592560.0,6.0,-9977,-97.0,0.12286154,0.4084,0.7197,0.4294,0.0
935,387203,231865.16,28341.0,552555.0,9.2,-10110,-550.0,0.13995555,0.3706,0.5815,0.4067,0.0
939,370488,156424.1,18063.0,172021.5,13.0,-11753,-387.0,0.050175,0.4834,0.6714,0.628,0.0
942,409356,2266512.8,49873.5,1174090.5,14.0,-10582,-224.0,0.100754544,0.841,0.5767,0.3506,0.0
946,415294,28953.45,41926.5,521280.0,36.0,-17007,-998.0,0.15528333,0.3438,0.4304,0.2986,0.0
950,412972,140304.23,19827.0,405000.0,22.8,-8677,-490.0,0.11015,0.3657,0.03397,0.364,0.0
951,143199,342402.06,18283.5,355536.0,18.0,-12277,-2379.0,0.09028889,0.1884,0.546,0.3015,0.0
959,275760,532631.7,23107.5,450000.0,9.11,-16139,-3220.0,0.17116667,0.596,0.7246,0.833,0.0
962,338278,285234.94,16960.5,157500.0,11.5,-12495,-1625.0,0.2355625,0.3418,0.5054,0.7803,0.0
969,191081,172325.52,5643.0,107820.0,23.5,-21885,-896.0,0.0627,0.717,0.1172,0.4849,0.0
970,447384,2106104.2,38947.5,1332000.0,28.0,-19362,-520.0,0.216375,0.8096,0.742,0.5513,0.0
971,430328,263506.88,30195.0,388512.0,18.0,-14332,-645.0,0.3355,0.4365,0.6616,0.419,0.0
972,258000,116879.35,20979.0,450000.0,10.0,-11061,-3772.0,0.518,0.4993,0.5093,0.2896,0.0
974,211180,97141.45,31887.0,900000.0,5.5,-12644,-3151.0,0.15746666,0.1927,0.1406,0.3345,0.0
977,214839,461707.78,20889.0,291915.0,10.0,-15001,-5889.0,0.15473333,0.4895,0.708,0.734,0.0
982,165855,1309272.2,35937.0,592560.0,12.0,-13428,-247.0,0.1331,0.3528,0.731,0.616,0.0
986,181801,987503.6,23283.0,453514.5,11.664,-12606,-3936.0,0.12319048,0.543,0.0273,0.2778,0.0
987,151211,165202.83,29866.5,585000.0,9.0,-11952,-5344.0,0.069863155,0.0967,0.4983,0.2032,0.0
988,299676,634430.2,17167.5,314055.0,36.0,-15259,-1052.0,0.06358334,0.4678,0.71,0.7393,0.0
990,156130,1209488.6,21906.0,675000.0,10.29,-18012,-4876.0,0.09736,0.759,0.6895,0.32,0.0
992,243229,524419.75,18886.5,367389.0,10.0,-10258,-2268.0,0.14989285,0.756,0.509,0.6577,0.0
995,425675,36090.9,4617.0,96264.0,9.5,-13270,-1756.0,0.04104,0.313,0.5845,0.703,0.0
996,279688,551037.9,13990.5,194922.0,14.0,-16215,-994.0,0.10363334,0.823,0.6816,0.6196,0.0
997,451303,111394.93,27153.0,254700.0,6.0,-12031,-3998.0,0.12068,0.2778,0.6978,0.766,0.0
1007,361911,1894090.0,17235.0,255960.0,17.0,-11335,-1551.0,0.06963637,0.2467,0.6094,0.3154,0.0
1009,440487,406385.44,28030.5,720000.0,37.5,-12577,-1101.0,0.20763333,0.4102,0.7505,0.6094,0.0
1011,401807,153636.66,47623.5,500211.0,10.0,-19075,-769.0,0.3112647,0.8267,0.6714,0.574,0.0
1012,201204,103650.93,24448.5,753840.0,6.0,-15772,-1047.0,0.27165,0.356,0.4172,0.595,0.0
1016,286217,1085231.9,30420.0,781695.0,16.67,-10213,-805.0,0.2704,0.0454,0.7026,0.2445,0.0
1019,363352,1548269.8,16326.0,284400.0,8.57,-14931,-1172.0,0.060466666,0.5,0.612,0.5586,0.0
1021,143561,235670.22,22149.0,431280.0,11.5,-15036,-1660.0,0.20508334,0.0596,0.03815,0.202,0.0
1024,168940,167004.64,36940.5,868797.0,6.0,-15971,-2427.0,0.18242222,0.3137,0.577,0.4277,0.0
1026,217965,259100.81,49500.0,1374480.0,12.0,-14012,-688.0,0.18333334,0.2954,0.609,0.7725,0.0
1030,305974,2410102.5,25731.0,360000.0,16.0,-15514,-1205.0,0.14295,0.54,0.5225,0.648,0.0
1031,299376,1261370.2,62568.0,1800000.0,19.33,-19992,-822.0,0.23173334,0.09186,0.4463,0.7183,0.0
1033,244083,6794347.0,29250.0,585000.0,24.0,-17909,-2936.0,0.14444445,0.559,0.5312,0.3557,0.0
1037,435813,447466.97,19134.0,284400.0,24.0,-16836,-8420.0,0.08504,0.595,0.6997,0.628,0.0
1041,300540,45001.844,39307.5,495882.0,0.0,-17280,-716.0,0.3494,0.6406,0.4216,0.814,0.0
1045,242751,760521.4,21775.5,675000.0,20.6,-13421,-395.0,0.13825715,0.54,0.6655,0.44,0.0
1049,306794,101895.8,9000.0,180000.0,10.0,-8174,-142.0,0.1,0.631,0.467,0.53,0.0
1051,358488,44204.984,9000.0,180000.0,12.0,-14535,-244.0,0.08,0.5083,0.4207,0.2068,0.0
1055,164785,18724.814,23692.5,450000.0,9.0,-16382,-3036.0,0.08775,0.5874,0.6777,0.1214,0.0
1056,114660,170743.9,12334.5,225000.0,3.0,-12907,-896.0,0.10151852,0.4983,0.6445,0.2793,0.0
1059,303394,112450.14,18553.5,381528.0,15.0,-11779,-920.0,0.103075,0.169,0.3733,0.07153,0.0
1069,166214,3436834.8,34110.0,331632.0,13.0,-16734,-3835.0,0.1516,0.719,0.74,0.7725,0.0
1070,137630,676456.3,23881.5,450000.0,10.0,-9182,-141.0,0.1769,0.4207,0.05182,0.55,0.0
1080,250268,583757.94,21996.0,454500.0,7.2,-12571,-1501.0,0.2875294,0.779,0.5947,0.7407,0.0
1081,431477,1167755.0,36409.5,1319269.5,9.0,-18424,-4094.0,0.2697,0.88,0.6597,0.5425,0.0
1082,379343,2765545.8,16564.5,436032.0,18.0,-21765,-1011.0,0.14724,0.7344,0.609,0.4543,0.0
1083,362356,139138.47,10449.0,182016.0,7.75,-13469,-1511.0,0.1935,0.4536,0.5137,0.7295,0.0
1086,320518,448883.47,18265.5,152820.0,14.5,-9186,-1526.0,0.11938235,0.3687,0.6006,0.5337,0.0
1089,243988,247462.16,44172.0,1113840.0,9.0,-19673,-982.0,0.1636,0.699,0.286,0.6704,0.0
1093,227629,100973.12,18175.5,595273.5,20.0,-8445,-1748.0,0.20195,0.2654,0.4387,0.4775,0.0
1095,306260,290908.3,26194.5,562491.0,17.33,-14942,-3624.0,0.23284,0.589,0.5723,0.677,0.0
1096,201454,212877.31,22437.0,675000.0,6.0,-18285,-9188.0,0.09588461,0.4492,0.759,0.841,0.0
1106,118005,2082588.5,18553.5,381528.0,15.0,-16277,-1709.0,0.091622226,0.5376,0.7573,0.4614,0.0
1116,117650,244553.53,29493.0,817560.0,12.0,-20394,-11696.0,0.18725714,0.6826,0.719,0.7236,0.0
1120,379741,308439.53,38754.0,876816.0,12.336,-13482,-4795.0,0.119611114,0.4119,0.1807,0.2128,0.0
1122,402589,1186654.4,37269.0,1270174.5,24.0,-15690,-1963.0,0.20705,0.6777,0.717,0.297,0.0
1123,277691,405158.1,13500.0,270000.0,10.5,-9316,-884.0,0.08571429,0.1525,0.3164,0.5903,0.0
1124,323659,642264.7,22810.5,247275.0,12.664,-12479,-2301.0,0.18774074,0.3174,0.3376,0.604,0.0
1126,298576,68427.766,44748.0,1350000.0,12.0,-11873,-807.0,0.2486,0.3447,0.6626,0.1586,0.0
1128,399466,275677.7,19867.5,679500.0,11.0,-11451,-2847.0,0.0883,0.6206,0.738,0.785,0.0
1130,430859,1410861.6,30357.0,254700.0,18.0,-17667,-3229.0,0.26984,0.434,0.7705,0.4312,0.0
1133,140261,1945510.8,30807.0,729792.0,29.25,-17870,-666.0,0.15213333,0.625,0.569,0.3457,1.0
1134,158363,914565.25,29520.0,1005120.0,16.0,-14506,-4805.0,0.18742858,0.2913,0.733,0.5693,1.0
1137,208093,32087.52,15165.0,225000.0,6.0,-9591,-2463.0,0.08425,0.4668,0.3308,0.1028,1.0
1143,184483,2191176.0,48294.0,1125000.0,29.27,-11263,-1472.0,0.10342302,0.5312,0.1957,0.4526,1.0
1144,157924,2181638.8,50445.0,636826.5,25.72,-15096,-2641.0,0.15356164,0.7134,0.5405,0.3394,1.0
1155,353889,267664.6,10953.0,225000.0,12.0,-19082,-239.0,0.06085,0.616,0.4243,0.2201,1.0
1157,405704,48518.82,9000.0,180000.0,12.0,-10952,-2361.0,0.08695652,0.19,0.4602,0.659,1.0
1160,302238,1862855.4,14350.5,254700.0,16.0,-11116,-723.0,0.09111428,0.151,0.1813,0.4048,1.0
1162,277230,1285643.6,28975.5,986553.0,14.5,-16243,-3580.0,0.16944736,0.4956,0.464,0.4993,1.0
1164,322072,156806.69,33246.0,497520.0,6.0,-14473,-1267.0,0.11026866,0.5503,0.544,0.2678,1.0
1171,125262,65974.37,15813.0,416052.0,6.0,-16796,-654.0,0.14056,0.414,0.2173,0.4614,1.0
1181,125773,232112.88,34456.5,1042560.0,14.0,-10368,-1081.0,0.21877143,0.2256,0.581,0.7153,1.0
1186,259114,60690.69,59256.0,1325475.0,18.67,-13393,-269.0,0.1646,0.858,0.3835,0.208,1.0
1187,259884,116717.13,17955.0,328581.0,8.0,-12668,-826.0,0.22166666,0.3357,0.3684,0.1674,1.0
1189,250208,251156.44,14683.5,314055.0,28.0,-11581,-328.0,0.13052,0.4873,0.4153,0.3232,1.0
1190,297058,41439.78,12595.5,203760.0,6.0,-10197,-2627.0,0.07365789,0.02211,0.1559,0.1595,1.0
1191,309487,188535.83,16155.0,343800.0,13.336,-10512,-359.0,0.1121875,0.1195,0.6245,0.4795,1.0
1193,368000,606407.8,9000.0,180000.0,13.664,-11735,-1192.0,0.08,0.3208,0.1398,0.519,1.0
1198,449034,54213.977,21523.5,447453.0,12.0,-15738,-133.0,0.19132,0.3042,0.512,0.1674,1.0
1206,406074,649284.94,22023.0,472500.0,37.34,-13573,-192.0,0.094115384,0.4934,0.4019,0.1595,1.0
1207,344144,2193133.2,22500.0,450000.0,28.73,-17193,-2125.0,0.09090909,0.3499,0.2042,0.4758,1.0
1210,443131,864679.6,20250.0,333000.0,16.5,-9900,-1643.0,0.18,0.2407,0.4856,0.1605,1.0
1211,177129,169166.44,28692.0,422235.0,24.0,-12298,-354.0,0.26566666,0.366,0.521,0.0297,1.0
1215,415348,55973.926,30712.5,586633.5,12.0,-14794,-225.0,0.2007353,0.1401,0.1388,0.5693,1.0
1218,238447,71741.336,19647.0,270000.0,12.0,-10368,-1259.0,0.14553334,0.1252,0.002047,0.4119,1.0
1222,149623,1163265.8,26613.0,521280.0,29.4,-12672,-2733.0,0.14785,0.5317,0.3457,0.3047,1.0
1224,198243,203402.39,15133.5,279000.0,36.0,-21630,-14068.0,0.10848387,0.0803,0.643,0.4885,1.0
1229,238264,719116.75,10125.0,202500.0,33.0,-16776,-348.0,0.140625,0.3027,0.2651,0.3345,1.0
1232,117188,372433.8,17910.0,495000.0,12.0,-12262,-663.0,0.14214286,0.1898,0.01316,0.3047,1.0
1233,133338,2482977.2,48865.5,1666746.0,22.4,-14982,-508.0,0.2525349,0.523,0.1622,0.492,1.0
1234,103163,1915438.2,32472.0,675000.0,10.8,-13193,-162.0,0.18989474,0.2144,0.3289,0.623,1.0
1237,145571,1025124.2,33417.0,654498.0,15.8,-9229,-1304.0,0.18565,0.1915,0.553,0.3154,1.0
1239,194317,33175.438,36949.5,550980.0,6.0,-12036,-351.0,0.2737,0.1469,0.02554,0.2722,1.0
1241,436650,1098108.2,25407.0,545040.0,22.6,-13844,-1038.0,0.14115,0.6245,0.606,0.592,1.0
1243,334883,361369.0,31261.5,640080.0,3.0,-19634,-430.0,0.19848572,0.524,0.615,0.6416,1.0
1251,320212,72434.16,22018.5,450000.0,16.0,-14724,-2409.0,0.22240908,0.4695,0.4902,0.0775,1.0
1259,428495,192501.48,37800.0,1288350.0,12.0,-10220,-150.0,0.18666667,0.09094,0.563,0.4014,1.0
1260,346643,601310.0,10822.5,162000.0,24.0,-18405,-2989.0,0.16033334,0.334,0.0916,0.03275,1.0
1263,243925,49060.26,15201.0,190764.0,12.0,-10270,-127.0,0.2252,0.3318,0.2433,0.4224,1.0
1268,256468,3793298.8,52884.0,1517724.0,30.0,-18336,-242.0,0.23504,0.6973,0.3643,0.6724,1.0
1271,130352,213524.72,13500.0,270000.0,12.0,-15318,-3461.0,0.12,0.7715,0.4512,0.585,1.0
1274,427538,756488.0,12622.5,167076.0,7.2,-9965,-1301.0,0.080142856,0.1172,0.6987,0.4812,1.0
1275,175927,3008197.5,26086.5,808650.0,26.0,-22178,-211.0,0.07729334,0.6587,0.2395,0.3706,1.0
1278,372210,575382.3,13504.5,275040.0,3.0,-11086,-2425.0,0.08574285,0.1261,0.2527,0.648,1.0
1280,139168,118838.48,32427.0,408780.0,24.0,-9862,-2232.0,0.2402,0.553,0.584,0.1863,1.0
1281,298430,827411.2,31653.0,1078200.0,20.0,-14781,-2271.0,0.20097142,0.747,0.5977,0.3232,1.0
1286,238340,2533957.8,56133.0,1470330.0,12.75,-13931,-3375.0,0.2079,0.2817,0.5166,0.4832,1.0
1288,112515,90698.13,29758.5,922500.0,6.0,-13307,-6751.0,0.18894286,0.349,0.4114,0.1492,1.0
1292,325929,1410441.4,10350.0,188460.0,24.0,-11742,-725.0,0.12777779,0.1377,0.11395,0.4119,1.0
1295,227190,403498.62,29376.0,539100.0,10.0,-11892,-297.0,0.18133333,0.6016,0.1771,0.3425,1.0
1296,151047,36129.96,9000.0,180000.0,6.0,-7920,-273.0,0.08,0.2798,0.2216,0.11615,1.0
1297,116625,964081.6,28935.0,601470.0,6.0,-15096,-1152.0,0.116909094,0.5093,0.6826,0.1285,1.0
1307,370243,709999.6,28831.5,651600.0,8.0,-18226,-4524.0,0.160175,0.5654,0.688,0.0989,1.0
1308,143737,1749259.5,23913.0,741276.0,25.72,-14145,-621.0,0.15182857,0.2251,0.635,0.2852,1.0
1309,147753,660724.6,23643.0,433458.0,24.0,-14686,-2553.0,0.08756667,0.2732,0.2092,0.587,1.0
1312,258316,796117.2,28516.5,523278.0,12.5,-9192,-1051.0,0.14402273,0.3147,0.5454,0.2152,1.0
1313,327089,226273.77,16843.5,308133.0,15.0,-10293,-1320.0,0.2339375,0.03656,0.6147,0.3108,1.0
1314,301488,396990.03,26271.0,246357.0,9.0,-12353,-582.0,0.12973334,0.3135,0.2578,0.3774,1.0
1315,221087,103711.55,14787.0,242595.0,12.0,-10527,-327.0,0.13144,0.2834,0.4036,0.3723,1.0
1317,163685,269241.72,43780.5,854896.5,12.0,-8665,-220.0,0.09729,0.292,0.6133,0.4832,1.0
1318,412304,2878793.5,47200.5,1711764.0,24.0,-19278,-4882.0,0.17481667,0.6484,0.7305,0.391,1.0
1319,188341,87664.27,14112.0,269550.0,11.2,-11861,-1960.0,0.12544,0.1709,0.4143,0.4634,1.0
1320,343213,109985.086,31653.0,1078200.0,6.0,-11397,-2282.0,0.28136,0.3564,0.4812,0.7407,1.0
1321,391175,31044.87,18265.5,687600.0,13.0,-12880,-3558.0,0.101475,0.4011,0.599,0.595,1.0
1322,150964,279342.94,19660.5,382500.0,10.5,-10501,-192.0,0.17476,0.2434,0.3442,0.643,1.0
1324,246156,904206.8,23814.0,810000.0,16.0,-16546,-821.0,0.1029572,0.5806,0.6045,0.1492,1.0
1330,280574,295792.9,25047.0,512338.5,18.0,-13739,-829.0,0.13915,0.2145,0.4958,0.2225,1.0
1340,190256,220298.08,25447.5,225000.0,12.0,-8607,-488.0,0.2262,0.2128,0.08386,0.4014,1.0
1341,223766,147727.34,57001.5,1113840.0,8.0,-13709,-2949.0,0.36191428,0.3083,0.43,0.449,1.0
1342,440828,371863.53,19134.0,284400.0,12.4,-12493,-2801.0,0.25011766,0.52,0.2876,0.0412,1.0
1343,261717,57338.01,25537.5,545040.0,6.0,-20515,-758.0,0.18916667,0.4692,0.714,0.44,1.0
1347,375031,40306.41,6750.0,135000.0,10.0,-12155,-139.0,0.075,0.2429,0.5547,0.05923,1.0
1348,205958,19979.459,32053.5,888840.0,8.0,-20682,-4892.0,0.1582889,0.401,0.07355,0.1343,1.0
1354,397495,663354.94,24412.5,450000.0,12.0,-13083,-393.0,0.155,0.01921,0.0004954,0.152,1.0
1366,278063,299303.28,15750.0,315000.0,13.0,-15291,-216.0,0.1590909,0.3455,0.2479,0.3328,1.0
1371,367928,2631589.2,13761.0,269550.0,18.6,-10997,-3200.0,0.047046155,0.2627,0.6978,0.6675,1.0
1373,113637,998540.9,44617.5,1125000.0,16.6,-18577,-304.0,0.247875,0.5786,0.4336,0.4348,1.0
1375,258195,518685.7,22585.5,679500.0,10.8,-14600,-201.0,0.125475,0.61,0.643,0.3506,1.0
1377,101730,45474.3,19066.5,450000.0,12.0,-13840,-2067.0,0.21185,0.4019,0.408,0.123,1.0
1378,363779,191212.44,15970.5,237024.0,15.0,-8136,-1459.0,0.1183,0.0801,0.5283,0.2637,1.0
1379,268277,520529.03,19827.0,405000.0,16.5,-10881,-1668.0,0.2203,0.242,0.1787,0.1746,1.0
1380,246860,23372.055,32206.5,760225.5,6.0,-9955,-630.0,0.178925,0.10706,0.3455,0.456,1.0
1383,164342,97168.055,9000.0,180000.0,18.0,-16320,-2303.0,0.13333334,0.7803,0.617,0.521,1.0
1384,388351,30661.785,14242.5,269550.0,8.0,-12021,-248.0,0.12173077,0.3271,0.554,0.1301,1.0
1385,204248,816947.56,40612.5,512410.5,17.0,-17913,-326.0,0.30083334,0.433,0.4138,0.3706,1.0
1388,208603,282418.75,42417.0,781920.0,16.0,-9853,-2061.0,0.37704,0.2751,0.535,0.6265,1.0
1395,282103,159817.0,42417.0,781920.0,8.29,-11437,-2693.0,0.19236735,0.5664,0.3005,0.4705,1.0
1400,448780,1537742.1,23283.0,453514.5,21.0,-15599,-5568.0,0.17246667,0.767,0.5894,0.521,1.0
1402,418802,163209.6,16875.0,337500.0,36.0,-17170,-414.0,0.15,0.708,0.673,0.583,1.0
1406,442749,1135126.1,13810.5,468000.0,16.6,-15790,-4177.0,0.0775,0.529,0.289,0.4507,1.0
1408,222620,195111.5,38173.5,745119.0,13.2,-11937,-3221.0,0.212075,0.2388,0.6245,0.6895,1.0
1409,437917,335634.38,68643.0,1971072.0,9.0,-14042,-5342.0,0.21791428,0.5684,0.6074,0.3047,1.0
1410,341779,286818.44,17694.0,544491.0,16.0,-19267,-1475.0,0.071490906,0.6123,0.376,0.3774,1.0
1413,204604,3059669.8,22072.5,203760.0,18.19,-11418,-2832.0,0.24525,0.2827,0.3723,0.3362,1.0
1414,347310,116309.836,29970.0,640080.0,6.0,-9717,-883.0,0.17076923,0.85,0.2808,0.1704,1.0
1416,205442,461602.62,29196.0,604152.0,9.0,-10618,-2970.0,0.09981538,0.2389,0.4873,0.2822,1.0
1420,269398,84577.45,37390.5,729792.0,6.0,-11724,-1494.0,0.27696666,0.4087,0.637,0.3394,1.0
1421,296797,146772.58,16893.0,585000.0,6.0,-10251,-574.0,0.07508,0.4321,0.4854,0.0531,1.0
1426,373683,194201.02,29034.0,900000.0,12.0,-13387,-3761.0,0.11948148,0.234,0.6216,0.838,1.0
1429,106680,1727036.0,35523.0,1215000.0,15.11,-10257,-1100.0,0.31576,0.1482,0.654,0.1809,1.0
1430,445734,157271.17,8757.0,135000.0,12.0,-17633,-126.0,0.0695,0.5806,0.558,0.7207,1.0
1434,333332,166556.34,20326.5,385749.0,10.0,-10491,-1680.0,0.08856863,0.4814,0.3315,0.10547,1.0
1435,163986,81690.53,9000.0,180000.0,12.0,-7931,-485.0,0.08,0.197,0.4546,0.3945,1.0
1445,416979,232426.27,10984.5,207306.0,15.6,-12481,-670.0,0.16273333,0.3225,0.02928,0.1368,1.0
1446,328183,91804.68,38781.0,1321902.0,10.0,-18215,-5813.0,0.21545,0.4722,0.5605,0.2778,1.0
1450,195319,118775.25,19417.5,247275.0,12.0,-9996,-1417.0,0.21575,0.1416,0.1083,0.1852,1.0
1453,288744,335336.9,23107.5,450000.0,3.5,-11735,-770.0,0.128375,0.4492,0.11145,0.1874,1.0
1457,142029,516249.3,30528.0,942300.0,21.11,-17613,-740.0,0.22613333,0.76,0.5938,0.2793,1.0
1458,120215,54230.402,44703.0,873000.0,11.336,-12038,-1112.0,0.2113617,0.316,0.546,0.465,1.0
1459,247847,57127.457,9000.0,180000.0,10.0,-9783,-1585.0,0.13333334,0.3699,0.6406,0.492,1.0
1460,436226,2786439.8,32274.0,592560.0,26.4,-10173,-1485.0,0.23906666,0.2566,0.6333,0.3894,1.0
1462,134219,29732.4,29169.0,436500.0,12.0,-15222,-2352.0,0.1852,0.1448,0.79,0.2852,1.0
1463,297270,174871.48,24003.0,225000.0,6.0,-8936,-703.0,0.2667,0.2063,0.4417,0.2354,1.0
1473,343088,380280.97,11938.5,99504.0,4.0,-18590,-1168.0,0.10612,0.2233,0.6206,0.5137,1.0
1476,390661,613060.9,22477.5,307152.0,18.0,-18659,-6933.0,0.41625,0.445,0.1236,0.6396,1.0
1486,160791,145581.7,16713.0,288873.0,11.336,-16114,-1417.0,0.1238,0.278,0.681,0.2693,1.0
1491,278333,302202.6,33376.5,497520.0,14.664,-15780,-1397.0,0.10595714,0.5186,0.661,0.4614,1.0
1494,410283,134029.56,13500.0,270000.0,12.0,-12796,-499.0,0.1,0.2477,0.4785,0.4084,1.0
1505,267910,114625.35,22599.0,284400.0,10.0,-15262,-178.0,0.1674,0.7188,0.6177,0.696,1.0
1506,227338,1055616.2,26509.5,545040.0,29.33,-10656,-986.0,0.098183334,0.1255,0.2445,0.1132,1.0
1507,239129,702168.3,45238.5,675000.0,11.0,-13382,-1728.0,0.20106,0.471,0.422,0.6445,1.0
1508,111717,1302695.0,16875.0,337500.0,21.14,-19178,-2900.0,0.15,0.638,0.569,0.254,1.0
1509,141976,123355.03,27423.0,521280.0,16.0,-10299,-1170.0,0.21764286,0.3135,0.2996,0.3809,1.0
1512,378754,1991558.4,23242.5,382500.0,26.0,-14630,-1000.0,0.14757143,0.1826,0.0002259,0.4329,1.0
1515,244080,260557.73,18040.5,270000.0,6.0,-12778,-748.0,0.11454286,0.2815,0.0741,0.5796,1.0
1517,220626,38621.61,38556.0,755190.0,10.0,-19348,-238.0,0.16476923,0.811,0.411,0.5117,1.0
1519,230003,128478.234,9000.0,180000.0,18.0,-8101,-1326.0,0.08,0.4136,0.4397,0.2942,1.0
1522,140786,229281.3,10620.0,225000.0,31.2,-11336,-2316.0,0.039333332,0.2208,0.3906,0.5083,1.0
1524,407513,204760.75,24543.0,450000.0,13.0,-14839,-1364.0,0.0909,0.5044,0.506,0.07056,1.0
1528,176800,232912.39,31909.5,622413.0,20.0,-10246,-237.0,0.07091,0.2245,0.784,0.1447,1.0
1530,173940,72577.08,22599.0,284400.0,6.0,-8004,-553.0,0.3348,0.2253,0.1885,0.2239,1.0
1533,332277,33070.41,21618.0,203760.0,8.0,-11364,-823.0,0.20886956,0.0683,0.2112,0.4436,1.0
1539,256480,2249765.0,69376.5,1299730.5,7.2,-10624,-1204.0,0.10278,0.2678,0.745,0.5063,1.0
1540,381398,785386.0,27652.5,539100.0,9.336,-12636,-2911.0,0.23634616,0.3289,0.3901,0.1941,1.0
1547,136177,1264730.9,42291.0,1275772.5,24.0,-13890,-1168.0,0.13425714,0.4277,0.5967,0.3047,1.0
1551,445177,509817.16,18234.0,269550.0,18.0,-12807,-192.0,0.16208,0.2465,0.229,0.364,1.0
1552,226330,115948.17,24025.5,468000.0,11.0,-10015,-1689.0,0.16178788,0.556,0.3137,0.1746,1.0
1557,331720,97870.82,45036.0,398016.0,10.0,-8123,-696.0,0.2502,0.1549,0.02693,0.3281,1.0
1565,332024,149618.83,52321.5,1024740.0,11.0,-17318,-3798.0,0.1291889,0.4631,0.719,0.6724,1.0
1566,246044,85025.25,36184.5,497520.0,11.0,-13820,-585.0,0.22974285,0.3591,0.3552,0.3171,1.0
1569,217149,1282252.0,40216.5,592560.0,12.0,-10081,-789.0,0.17874,0.0976,0.4148,0.746,1.0
1571,283182,105162.98,44671.5,485640.0,6.0,-14188,-895.0,0.19854,0.516,0.731,0.2201,1.0
1573,362343,788023.5,20281.5,203760.0,12.0,-10586,-279.0,0.12877142,0.3582,0.491,0.661,1.0
1575,210537,77376.375,15790.5,355536.0,9.0,-9790,-2257.0,0.116966665,0.2028,0.2651,0.494,1.0
1577,356809,538530.56,62568.0,1800000.0,13.336,-18868,-1184.0,0.27808,0.7754,0.6797,0.2091,1.0
1579,358720,73021.32,21438.0,315000.0,6.0,-15550,-532.0,0.09528,0.5225,0.4143,0.3557,1.0
1580,221128,162052.61,57685.5,728460.0,6.0,-9945,-1194.0,0.51276,0.2642,0.5566,0.0796,1.0
1590,229649,561399.6,8982.0,182016.0,37.2,-14173,-1828.0,0.07231884,0.4514,0.6284,0.1008,1.0
1593,418352,1239827.5,49428.0,1024740.0,30.0,-13952,-1879.0,0.15691428,0.3171,0.6895,0.4084,1.0
1594,441142,41744.34,20790.0,427500.0,17.0,-9715,-1119.0,0.154,0.3862,0.663,0.1169,1.0
1607,158859,373448.56,51948.0,1223010.0,9.5,-10395,-1817.0,0.23088,0.3145,0.4924,0.766,1.0
1609,388871,88408.98,19953.0,614574.0,38.0,-14656,-188.0,0.17736,0.4312,0.6934,0.722,1.0
1612,330031,71467.42,9000.0,180000.0,8.5,-11436,-972.0,0.074074075,0.2505,0.3997,0.03818,1.0
1613,445729,363260.22,47430.0,926365.5,4.0,-12423,-1774.0,0.2635,0.6157,0.4087,0.4224,1.0
1614,349636,587055.1,19795.5,364896.0,15.0,-11084,-537.0,0.14663333,0.1746,0.507,0.3313,1.0
1615,360495,40452.75,7533.0,113760.0,12.0,-12798,-1070.0,0.1674,0.445,0.4878,0.2213,1.0
1617,278264,2059519.0,45202.5,1546020.0,39.72,-18928,-2327.0,0.16741666,0.6577,0.3652,0.616,1.0
1622,114417,1548987.8,14359.5,544369.5,23.6,-13332,-1130.0,0.106366664,0.3518,0.2325,0.1068,1.0
1624,122831,679853.8,43659.0,781920.0,16.67,-11446,-982.0,0.3031875,0.1859,0.677,0.3894,1.0
1631,134786,119740.5,28593.0,239850.0,28.0,-11609,-3967.0,0.12708,0.3074,0.2546,0.1798,1.0
1654,434017,59769.81,23382.0,294322.5,10.0,-12564,-3555.0,0.1299,0.11676,0.609,0.364,1.0
1659,240641,2492255.5,51097.5,1422553.5,32.28,-17551,-225.0,0.4542,0.4941,0.318,0.3962,1.0
1660,234411,509214.38,33025.5,1125000.0,21.0,-16674,-1167.0,0.20968571,0.5366,0.4211,0.3076,1.0
1668,374049,196748.05,26739.0,824823.0,7.0,-12316,-315.0,0.14855,0.4675,0.5654,0.4597,1.0
1669,420065,458407.66,25537.5,545040.0,8.29,-13252,-472.0,0.18916667,0.03836,0.3542,0.553,1.0
1675,175859,736329.2,34911.0,1078200.0,27.0,-16576,-1588.0,0.5172,0.2888,0.452,0.5674,1.0
1681,284980,706525.2,23089.5,441000.0,7.43,-14062,-3046.0,0.11154348,0.334,0.7295,0.548,1.0
1682,315953,336139.8,29101.5,398160.0,8.0,-9279,-1082.0,0.18477143,0.2788,0.1401,0.4312,1.0
1686,369747,2258207.2,39307.5,497520.0,22.0,-11923,-779.0,0.3235185,0.2349,0.548,0.5283,1.0
1690,426545,102586.63,19768.5,463500.0,12.0,-12880,-1391.0,0.07987273,0.623,0.4868,0.4543,1.0
1695,371756,68153.71,48442.5,1006920.0,46.5,-9070,-347.0,0.17941667,0.1736,0.11914,0.465,1.0
1696,427888,620597.8,36553.5,545040.0,10.73,-10722,-601.0,0.27076668,0.1826,0.2032,0.474,1.0
1706,267018,39360.6,36684.0,462694.5,15.0,-14296,-143.0,0.27173334,0.609,0.6196,0.2837,1.0
1707,277924,1498198.9,19795.5,385164.0,28.31,-15888,-4448.0,0.109975,0.4727,0.6465,0.1863,1.0
1715,335090,44579.7,18643.5,234324.0,16.0,-21251,-171.0,0.08740506,0.3823,0.12177,0.1293,1.0
1716,405597,784323.25,11362.5,142200.0,32.0,-16942,-414.0,0.08416667,0.1814,0.5864,0.517,1.0
1717,274250,39069.63,29731.5,675000.0,19.33,-17676,-626.0,0.09050685,0.3213,0.685,0.2896,1.0
1720,374785,359349.22,33543.0,1035832.5,6.0,-12385,-4256.0,0.093175,0.2496,0.2673,0.685,1.0
1721,151602,242346.95,37768.5,1166724.0,19.0,-12817,-746.0,0.1049125,0.4197,0.7183,0.3425,1.0
1728,212301,241211.11,15115.5,276277.5,28.8,-18105,-263.0,0.059982143,0.652,0.4731,0.1874,1.0
1732,300336,2583281.5,24781.5,506889.0,13.8,-12731,-950.0,0.18989655,0.3806,0.606,0.1715,1.0
1734,141822,2544412.8,14791.5,454500.0,32.56,-16625,-2911.0,0.15652381,0.4163,0.5225,0.574,1.0
1738,356131,3030904.2,22113.0,522000.0,31.0,-23203,-14540.0,0.1638,0.7705,0.1284,0.3047,1.0
1741,422298,515355.88,39645.0,900000.0,11.6,-14710,-4499.0,0.1762,0.4434,0.4927,0.152,1.0
1744,101541,710041.06,46525.5,1170000.0,19.2,-14317,-1932.0,0.22975555,0.868,0.774,0.4453,1.0
1745,182518,546332.7,31486.5,654498.0,27.0,-15257,-2657.0,0.23323333,0.4026,0.2954,0.6704,1.0
1747,391883,1916399.6,32895.0,1125000.0,46.0,-23069,-1568.0,0.104428574,0.7593,0.6284,0.4067,1.0
1749,230626,663567.75,39136.5,425313.0,22.8,-15880,-742.0,0.1338,0.71,0.6904,0.521,1.0
1752,196732,2411453.0,20677.5,545040.0,16.0,-16445,-340.0,0.17673077,0.1382,0.3525,0.571,1.0
1756,418834,1223098.8,51520.5,1762110.0,20.0,-13947,-1145.0,0.16355714,0.5034,0.1549,0.2239,1.0
1760,248361,4793052.0,36292.5,1236816.0,15.45,-13215,-875.0,0.23042858,0.61,0.2299,0.0982,1.0
1765,398378,391302.62,20250.0,405000.0,24.0,-15055,-490.0,0.15,0.3,0.629,0.3843,1.0
1770,101277,437234.62,43587.0,729792.0,11.0,-15930,-284.0,0.19372,0.5015,0.0783,0.1852,1.0
1772,114494,805877.4,38263.5,900000.0,16.0,-13644,-1662.0,0.24294285,0.482,0.69,0.597,1.0
1774,155429,232390.08,32125.5,755190.0,8.0,-12495,-323.0,0.178475,0.3445,0.29,0.587,1.0
1775,249712,553850.56,68643.0,1971072.0,17.0,-16830,-1081.0,0.15725774,0.668,0.1636,0.786,1.0
1779,127165,262083.72,18387.0,566055.0,12.0,-15852,-3490.0,0.075666666,0.4263,0.551,0.417,1.0
1781,391656,768524.3,16294.5,450000.0,24.0,-15729,-3289.0,0.08621429,0.639,0.3318,0.68,1.0
1787,151523,2135154.8,27819.0,263686.5,12.25,-11443,-1986.0,0.15455,0.1495,0.0989,0.3313,1.0
1791,358687,199079.69,44932.5,877500.0,6.0,-10815,-921.0,0.41604167,0.3281,0.4045,0.2637,1.0
1796,358423,1317682.4,8788.5,169614.0,10.375,-10550,-209.0,0.0558,0.3176,0.557,0.44,1.0
1797,215509,95365.53,9000.0,180000.0,6.0,-8151,-228.0,0.06666667,0.248,0.2954,0.1963,1.0
1804,338992,644352.5,23238.0,292500.0,11.5,-14201,-601.0,0.19125926,0.478,0.561,0.4473,1.0
1811,223705,101623.91,12762.0,188685.0,28.0,-14077,-642.0,0.06302222,0.4246,0.6963,0.1473,1.0
1814,446020,915345.94,18135.0,331920.0,17.5,-10542,-3201.0,0.22388889,0.2109,0.02806,0.0775,1.0
1827,333294,23844.42,21721.5,298512.0,18.0,-13156,-1956.0,0.24135,0.1203,0.4153,0.621,1.0
1828,262003,44039.97,41544.0,485640.0,6.0,-9948,-189.0,0.20515555,0.1517,0.7124,0.2637,1.0
1830,220115,504210.12,22068.0,301464.0,10.0,-10025,-1407.0,0.16346666,0.1841,0.184,0.3706,1.0
1832,357265,1781322.6,24930.0,675000.0,40.38,-13499,-521.0,0.123111114,0.3176,0.7036,0.1048,1.0
1833,382547,1683209.4,31653.0,1078200.0,36.12,-19728,-1724.0,0.18510526,0.5874,0.4993,0.11914,1.0
1835,144452,553124.6,40405.5,538704.0,4.0,-12095,-865.0,0.17958,0.2898,0.2795,0.0005274,1.0
1837,184725,29712.691,22018.5,450000.0,12.0,-22160,-1725.0,0.12876315,0.7466,0.5366,0.4294,1.0
1840,289655,2640435.0,39501.0,773680.5,34.0,-16990,-397.0,0.266,0.67,0.4138,0.111,1.0
1842,433572,188056.75,17374.5,337761.0,11.0,-10788,-1398.0,0.1287,0.2062,0.4282,0.4688,1.0
1853,417847,187831.48,19552.5,247500.0,9.0,-8470,-255.0,0.11743243,0.1973,0.4019,0.1008,1.0
1854,232457,70114.41,16501.5,225000.0,4.0,-11492,-1539.0,0.087309524,0.542,0.366,0.1326,1.0
1859,117044,733239.75,17095.5,450000.0,10.0,-11352,-1312.0,0.15196,0.2627,0.0079,0.4956,1.0
1860,204933,1192755.8,14823.0,221832.0,18.0,-11468,-1654.0,0.08235,0.1714,0.607,0.6313,1.0
1861,372926,2331624.2,12987.0,237024.0,35.0,-18054,-2540.0,0.07215,0.525,0.6143,0.1918,1.0
1862,226877,1016218.7,26217.0,808650.0,9.0,-14179,-605.0,0.16645715,0.3757,0.2344,0.398,1.0
1863,281601,531471.5,28795.5,474363.0,12.0,-11591,-1713.0,0.18820588,0.35,0.5737,0.1885,1.0
1867,321127,1917900.8,30307.5,630000.0,27.2,-17416,-3641.0,0.0841875,0.526,0.587,0.503,1.0
1869,333346,1764459.6,60552.0,1113840.0,29.0,-13380,-1705.0,0.26912,0.2455,0.4736,0.6177,1.0
1870,115948,1533910.2,16875.0,337500.0,25.0,-8792,-228.0,0.07653061,0.1533,0.4006,0.449,1.0
1871,359063,46170.0,8253.0,90000.0,12.0,-10013,-2246.0,0.030566666,0.1692,0.631,0.2091,1.0
1873,394909,41362.965,32377.5,443178.0,12.0,-8565,-423.0,0.20557143,0.273,0.2489,0.398,1.0
1874,177290,261234.44,14377.5,225000.0,15.0,-15117,-1681.0,0.16815789,0.0826,0.4307,0.3557,1.0
1879,107742,92625.88,41427.0,675000.0,5.332,-13517,-2742.0,0.18412,0.4695,0.1217,0.0765,1.0
1880,393825,132299.6,19516.5,180000.0,10.0,-8260,-628.0,0.072283335,0.4297,0.539,0.2942,1.0
1883,136595,872830.94,34911.0,1078200.0,18.0,-10010,-225.0,0.23509091,0.3088,0.5493,0.3281,1.0
1884,283709,90787.9,23476.5,480060.0,14.0,-16677,-4247.0,0.20868,0.591,0.6416,0.364,1.0
1886,262755,140454.22,26509.5,545040.0,12.0,-8421,-1594.0,0.19636667,0.3154,0.2169,0.3313,1.0
1888,308574,156379.1,24543.0,450000.0,20.58,-9970,-204.0,0.0909,0.52,1.69e-05,0.10016,1.0
1892,206652,257778.1,20250.0,405000.0,7.5,-15536,-1278.0,0.09,0.576,0.286,0.5693,1.0
1895,225599,1492311.5,32998.5,781920.0,15.14,-11804,-4977.0,0.20951429,0.3145,0.4531,0.3442,1.0
1898,425267,177836.12,21109.5,450000.0,7.5,-18095,-3416.0,0.117275,0.4583,0.2507,0.2277,1.0
1900,419930,264045.25,27558.0,254700.0,12.0,-25017,-3038.0,0.1360889,0.4695,0.5283,0.1317,1.0
1902,299998,45253.35,68643.0,1971072.0,12.0,-19875,-5557.0,0.21791428,0.5073,0.638,0.4956,1.0
1907,228581,468841.5,13500.0,270000.0,6.0,-12109,-2281.0,0.12,0.3438,0.4429,0.05133,1.0
1910,129418,793312.75,57676.5,790830.0,12.5,-9939,-650.0,0.21361667,0.1978,0.1653,0.4543,1.0
1919,304108,60562.71,27837.0,569673.0,24.0,-9996,-1115.0,0.13746667,0.4658,0.5337,0.4507,1.0
1922,256551,509301.2,17977.5,245268.0,10.0,-8946,-621.0,0.14796296,0.471,0.236,0.3672,1.0
1928,276115,554058.06,16875.0,337500.0,18.0,-9451,-2572.0,0.16304348,0.4443,0.1959,0.5337,1.0
1930,196547,174746.34,22018.5,450000.0,18.0,-12837,-2031.0,0.1631,0.2134,0.674,0.0989,1.0
1932,449726,194900.53,11812.5,147888.0,18.0,-10311,-761.0,0.105,0.2524,0.5186,0.2314,1.0
1937,323500,431518.5,15241.5,127350.0,6.668,-10945,-96.0,0.09677143,0.2029,0.28,0.4832,1.0
1938,205040,556738.3,30838.5,601470.0,8.0,-13672,-768.0,0.13053334,0.2976,0.6646,0.3945,1.0
1941,302745,3677013.8,48528.0,947884.5,29.25,-14514,-890.0,0.21568,0.7026,0.3389,0.1261,1.0
1942,107011,385795.34,43983.0,825588.0,9.5,-11386,-369.0,0.29618183,0.7153,0.162,0.6816,1.0
1949,377002,103409.64,34717.5,979992.0,11.0,-8576,-841.0,0.22042857,0.2756,0.4778,0.07544,1.0
1951,262195,108185.13,15880.5,337923.0,24.0,-19262,-5531.0,0.17645,0.4924,0.632,0.7046,1.0
1952,286248,203361.88,22599.0,284400.0,24.0,-7881,-1189.0,0.1116,0.1664,0.2754,0.3218,1.0
1960,161486,507877.66,30168.0,1125000.0,10.57,-13451,-137.0,0.44693333,0.668,0.634,0.643,1.0
1964,149208,85545.81,9000.0,180000.0,10.0,-8076,-748.0,0.05,0.0745,0.6255,0.10016,1.0
1969,133792,23575.275,39474.0,1350000.0,12.0,-10378,-393.0,0.2924,0.565,0.6772,0.417,1.0
1976,218189,443420.7,29407.5,573408.0,17.5,-13581,-1301.0,0.24203704,0.414,0.4463,0.1787,1.0
1980,219614,1033609.7,60943.5,769743.0,31.33,-19471,-965.0,0.18057333,0.5186,0.6772,0.3723,1.0
1989,451693,168676.11,54382.5,479700.0,10.664,-8524,-1483.0,0.28773808,0.3591,0.3623,0.3076,1.0
1991,295825,23640.66,30442.5,450000.0,6.0,-12274,-2438.0,0.2255,0.1367,0.3994,0.661,1.0
1993,355921,157232.66,23107.5,450000.0,8.0,-8568,-1155.0,0.14671429,0.2406,0.677,0.4258,1.0
1997,407999,134945.38,41661.0,983299.5,10.664,-16163,-397.0,0.03560769,0.6826,0.3672,0.11914,1.0
1999,228138,218090.73,14814.0,315000.0,15.0,-11507,-368.0,0.109733336,0.135,0.377,0.539,1.0
2001,350409,244993.6,20677.5,283585.5,12.0,-9437,-587.0,0.22975,0.31,0.10834,0.0647,1.0
2003,124180,141445.58,53406.0,450000.0,6.0,-13188,-1150.0,0.23736,0.3247,0.1741,0.4614,1.0
2006,432570,122717.56,9000.0,180000.0,24.0,-11152,-178.0,0.13333334,0.3674,0.581,0.3171,1.0
2008,123167,192644.6,15241.5,127350.0,12.0,-12119,-720.0,0.28225,0.362,0.2651,0.1538,1.0
2012,439893,472088.38,31261.5,640080.0,18.0,-10635,-999.0,0.19297223,0.4272,0.647,0.078,1.0
2018,404044,19193.445,34177.5,630000.0,6.0,-15219,-8387.0,0.217,0.5127,0.5107,0.635,1.0
2021,185403,305327.94,33381.0,1006069.5,7.332,-19564,-3029.0,0.14836,0.6777,0.696,0.7505,1.0
2022,333384,581145.2,28795.5,595903.5,20.0,-18615,-3143.0,0.3047143,0.11865,0.3518,0.3945,1.0
2025,153321,364839.22,39645.0,543037.5,16.5,-19382,-592.0,0.2318421,0.83,0.519,0.5513,1.0
2029,223233,37646.777,17046.0,311877.0,12.0,-14152,-480.0,0.22282353,0.586,0.643,0.364,1.0
2033,107634,1206564.2,21015.0,448056.0,16.28,-17584,-2945.0,0.0934,0.676,0.0963,0.0817,1.0
2037,388137,529631.25,12712.5,159264.0,16.67,-10581,-1841.0,0.122826084,0.1702,0.2344,0.3328,1.0
2042,191339,439978.2,16020.0,135000.0,15.0,-11339,-1995.0,0.079111114,0.227,0.1953,0.44,1.0
2065,419935,815364.1,16852.5,343800.0,10.75,-12709,-879.0,0.107,0.247,0.556,0.2808,1.0
2067,123230,859052.56,44928.0,567000.0,36.0,-10318,-960.0,0.1664,0.2678,0.5894,0.442,1.0
2077,349160,40260.824,20119.5,254700.0,16.0,-8850,-955.0,0.20322727,0.09265,0.5713,0.1245,1.0
2082,235286,549458.2,27189.0,562491.0,8.0,-12443,-413.0,0.12084,0.2937,0.05362,0.4258,1.0
2087,453796,102215.25,13500.0,270000.0,12.0,-11499,-4647.0,0.1,0.3835,0.801,0.3557,1.0
2099,211847,126368.19,48631.5,1223010.0,5.0,-15811,-199.0,0.28439474,0.4731,0.7417,0.3657,1.0
2103,386993,364793.22,26086.5,808650.0,11.664,-13115,-259.0,0.11594,0.1348,0.3152,0.4048,1.0
2110,155899,1559454.0,38551.5,1314117.0,36.0,-19985,-5832.0,0.18227659,0.683,0.1056,0.1473,1.0
2115,119147,1582344.2,38740.5,911263.5,20.0,-19097,-3066.0,0.17218,0.3977,0.614,0.606,1.0
2125,421154,614743.06,17797.5,417024.0,9.336,-20080,-3420.0,0.113,0.8447,0.2651,0.4705,1.0
2143,315469,147598.56,38812.5,1327500.0,34.0,-16903,-889.0,0.043125,0.3748,0.5913,0.1625,1.0
2144,127003,42442.56,30330.0,620878.5,10.0,-10991,-581.0,0.19257143,0.2378,0.2517,0.1725,1.0
2148,270904,975670.06,3559.5,91008.0,14.57,-12588,-5797.0,0.029296296,0.4795,0.5625,0.3328,1.0
2150,109157,227372.53,36000.0,720000.0,14.0,-11373,-2196.0,0.32,0.5254,0.5205,0.6465,1.0
2154,228646,577986.6,27153.0,254700.0,2.0,-17244,-341.0,0.15085,0.506,0.304,0.5083,1.0
2155,373356,23407.783,26217.0,808650.0,10.0,-12613,-1563.0,0.20807143,0.0373,0.3933,0.2737,1.0
2156,371602,73682.1,25537.5,545040.0,6.0,-10495,-702.0,0.227,0.2245,0.5205,0.3264,1.0
2160,251528,135335.88,43101.0,792162.0,16.5,-13506,-797.0,0.13881159,0.3687,0.6636,0.1125,1.0
2161,175487,40802.492,17073.0,331834.5,6.0,-13488,-457.0,0.21077777,0.3057,0.1001,0.4258,1.0
2163,450318,83109.195,13500.0,270000.0,12.0,-8880,-653.0,0.12,0.4814,0.1632,0.2201,1.0
2164,119480,2561761.0,20412.0,508500.0,20.75,-15689,-3475.0,0.3489231,0.7407,0.516,0.4119,1.0
2166,327999,2769452.8,10849.5,284400.0,32.66,-16796,-4035.0,0.031723686,0.7656,0.3345,0.2301,1.0
2168,278654,780541.4,16020.0,306000.0,26.73,-11031,-3891.0,0.10171428,0.745,0.763,0.1809,1.0
2172,220996,72755.77,16443.0,300735.0,10.0,-12673,-751.0,0.0812,0.217,0.2725,0.111,1.0
2175,405611,171926.1,36616.5,675000.0,18.67,-11347,-4333.0,0.23248571,0.492,0.3218,0.1528,1.0
2177,285015,405733.2,12564.0,225000.0,22.67,-17869,-568.0,0.09306667,0.6816,0.2433,0.2737,1.0
2180,151794,26447.266,37710.0,485640.0,6.0,-16432,-3305.0,0.27933332,0.7266,0.5884,0.553,1.0
2181,299396,966501.25,18562.5,571446.0,39.6,-18053,-3868.0,0.103125,0.506,0.1613,0.3062,1.0
2189,341039,1642750.8,34425.0,712858.5,17.0,-13927,-7342.0,0.21857142,0.3591,0.1763,0.2793,1.0
2190,294170,281884.72,31261.5,640080.0,12.0,-11619,-2303.0,0.27788,0.2566,0.4644,0.254,1.0
2192,126228,81961.56,15219.0,225000.0,5.715,-10616,-840.0,0.09662857,0.454,0.1442,0.2406,1.0
2196,399962,143641.12,19737.0,675000.0,10.0,-13632,-581.0,0.17544,0.406,0.5864,0.1998,1.0
2204,198087,4724587.0,43659.0,550980.0,24.0,-17551,-751.0,0.1764,0.2712,0.4177,0.1605,1.0
2205,123050,1358364.9,18234.0,269550.0,29.33,-11131,-826.0,0.13506667,0.1528,0.1433,0.1644,1.0
2208,316044,76663.94,33543.0,1035832.5,4.668,-10941,-2964.0,0.49693334,0.1919,0.432,0.6465,1.0
2210,203766,65149.2,25330.5,417024.0,10.0,-19218,-158.0,0.18763334,0.591,0.3633,0.606,1.0
2214,278387,192274.11,9000.0,180000.0,12.0,-7782,-786.0,0.08,0.446,0.5747,0.05804,1.0
2216,361433,1762249.1,42700.5,585000.0,34.8,-18981,-1154.0,0.18978,0.2559,0.2986,0.08014,1.0
2221,204107,79107.484,26091.0,556870.5,12.0,-15735,-1545.0,0.15257895,0.4092,0.7344,0.613,1.0
2222,248157,1862372.0,59485.5,2250000.0,30.0,-17699,-1140.0,0.1652375,0.678,0.647,0.3123,1.0
2225,427372,1644004.5,56092.5,1096020.0,6.0,-11298,-234.0,0.277,0.0804,0.08215,0.3557,1.0
2226,324174,124089.84,30573.0,450000.0,8.0,-9611,-448.0,0.19411428,0.134,0.652,0.07904,1.0
2228,282425,83392.195,27306.0,373500.0,12.0,-12310,-793.0,0.20226666,0.4897,0.0465,0.1428,1.0
2234,153190,2926086.8,24543.0,450000.0,31.2,-18083,-510.0,0.21816,0.763,0.3264,0.3296,1.0
2237,359880,120814.195,31261.5,640080.0,9.336,-11548,-2359.0,0.46313334,0.638,0.618,0.6514,1.0
2240,109729,61883.055,13567.5,126000.0,10.0,-11123,-1715.0,0.3015,0.3738,0.638,0.5264,1.0
2241,357488,62102.836,31639.5,1082214.0,3.5,-19440,-2166.0,0.35155,0.662,0.6187,0.5796,1.0
2244,145532,41543.508,13387.5,284400.0,10.0,-10758,-3525.0,0.2125,0.2083,0.1232,0.1245,1.0
2246,185190,179146.66,54252.0,675000.0,10.0,-9772,-1791.0,0.40186667,0.2744,0.5093,0.4102,1.0
2247,360824,120692.93,20727.0,260725.5,19.0,-13039,-2477.0,0.2303,0.3738,0.3154,0.3062,1.0
2249,258481,715867.75,47749.5,450000.0,12.0,-16974,-1272.0,0.2358,0.5874,0.713,0.4436,1.0
2251,331994,271809.5,12577.5,255960.0,26.0,-11008,-806.0,0.15971428,0.4368,0.6514,0.12067,1.0
2252,385520,23576.85,23503.5,501435.0,10.0,-14664,-97.0,0.14922857,0.3438,0.2344,0.3047,1.0
2254,403529,77959.4,21672.0,508495.5,9.0,-20153,-12045.0,0.4816,0.7725,0.487,0.4956,1.0
2256,220103,217253.88,48681.0,667237.5,9.0,-14307,-3842.0,0.49172726,0.4492,0.508,0.254,1.0
2259,453773,1210170.8,31630.5,521280.0,22.5,-17342,-958.0,0.25103572,0.5303,0.5786,0.2128,1.0
2263,388040,4555266.5,57649.5,900000.0,12.0,-16564,-1047.0,0.03050238,0.7236,0.6587,0.3572,1.0
2264,196591,13674.149,9000.0,180000.0,12.0,-7782,-762.0,0.06666667,0.2039,0.6255,0.1351,1.0
2265,241200,286219.03,17752.5,263686.5,6.4,-10362,-504.0,0.263,0.229,0.4517,0.756,1.0
2273,343112,51579.0,54306.0,746280.0,6.668,-12844,-1198.0,0.3448,0.04343,0.1919,0.1048,1.0
2276,339423,915590.6,37692.0,675000.0,28.5,-16985,-2201.0,0.18613334,0.7656,0.4573,0.4084,1.0
2282,454982,225654.84,15237.0,314055.0,9.0,-14150,-173.0,0.11286667,0.2183,0.735,0.3062,1.0
2284,234561,48624.84,51723.0,709033.5,12.0,-12894,-2810.0,0.28735,0.532,0.7104,0.2512,1.0
2285,197240,1368417.5,40257.0,1031053.5,8.664,-17028,-570.0,0.19034043,0.4956,0.4585,0.688,1.0
2289,204337,71342.55,37800.0,1288350.0,10.0,-15632,-1464.0,0.21,0.331,0.673,0.574,1.0
2292,322687,4017915.8,30667.5,382500.0,19.72,-18042,-1603.0,0.1363,0.64,0.7026,0.1615,1.0
2295,230434,114369.98,22527.0,283500.0,12.0,-8477,-947.0,0.08631034,0.2476,0.5605,0.1644,1.0
2308,260354,104884.336,33201.0,454500.0,12.0,-11581,-2902.0,0.16395555,0.2732,0.3672,0.3408,1.0
2311,310230,375497.03,23494.5,239850.0,7.6,-15148,-312.0,0.18646428,0.2268,0.4211,0.6626,1.0
2316,117630,28711.125,16573.5,314100.0,10.0,-9579,-979.0,0.13153571,0.2228,0.007168,0.3557,1.0
2317,359443,1107129.1,18085.5,297130.5,21.72,-14773,-1224.0,0.20095,0.62,0.6245,0.2651,1.0
2318,113688,159227.19,15813.0,416052.0,11.0,-14177,-711.0,0.23426667,0.511,0.216,0.2837,1.0
2321,415945,296326.03,24543.0,450000.0,18.67,-12218,-795.0,0.1818,0.617,0.3738,0.1605,1.0
2327,394425,466089.4,22599.0,284400.0,24.0,-12475,-756.0,0.2511,0.308,0.552,0.3032,1.0
2330,305577,464793.44,42349.5,393219.0,24.0,-19101,-2675.0,0.18822,0.6743,0.7007,0.633,1.0
2331,366372,860460.44,27324.0,450000.0,12.2,-9235,-452.0,0.071435295,0.5425,0.4114,0.364,1.0
2334,224042,2403746.5,22018.5,450000.0,26.4,-14772,-5860.0,0.1631,0.6904,0.517,0.1798,1.0
2336,272713,258736.6,37674.0,1045224.0,0.0,-17949,-2310.0,0.06976666,0.6807,0.6113,0.3345,1.0
2338,367389,1515400.1,39465.0,1345500.0,14.0,-18604,-3193.0,0.14616667,0.6787,0.6157,0.1757,1.0
2339,192386,160278.39,9000.0,180000.0,10.0,-8058,-477.0,0.074074075,0.4802,0.03586,0.3706,1.0
2342,352621,746287.6,22068.0,301464.0,23.33,-10017,-2402.0,0.14011429,0.6455,0.559,0.761,1.0
2344,236115,88083.0,13257.0,284400.0,0.0,-12686,-1556.0,0.0982,0.2325,0.5977,0.6943,1.0
2348,322575,1379742.4,30442.5,450000.0,29.72,-10343,-1613.0,0.2706,0.2123,0.1057,0.3108,1.0
2356,322378,58931.098,22891.5,312840.0,30.0,-15321,-402.0,0.33913332,0.582,0.4075,0.677,1.0
2358,372869,73699.74,31261.5,640080.0,10.0,-9988,-238.0,0.13894,0.525,0.4988,0.127,1.0
2359,289281,33165.81,7695.0,144486.0,6.0,-11117,-201.0,0.074347824,0.2463,0.457,0.5083,1.0
2364,244919,514384.16,9225.0,293868.0,30.42,-14479,-526.0,0.08367347,0.373,0.7246,0.458,1.0
2369,235656,155146.77,9949.5,152820.0,8.0,-12619,-3085.0,0.08844,0.406,0.1914,0.1576,1.0
2370,147274,1069172.9,11250.0,225000.0,13.2,-23207,-979.0,0.125,0.636,0.215,0.6074,1.0
2372,445604,832166.3,13500.0,270000.0,20.0,-9181,-228.0,0.075,0.1049,0.5166,0.4473,1.0
2374,401362,223572.02,21285.0,312768.0,12.0,-9875,-811.0,0.105111115,0.09894,0.0966,0.1595,1.0
2380,113981,173216.11,19062.0,393543.0,13.0,-13474,-3024.0,0.2824,0.4377,0.313,0.2225,1.0
2387,455392,209410.1,22396.5,283500.0,18.0,-10288,-2896.0,0.11574419,0.6196,0.1594,0.2103,1.0
2396,211144,179327.56,16798.5,298512.0,6.0,-13676,-3113.0,0.18665,0.3733,0.704,0.84,1.0
2397,335693,335765.44,16213.5,135531.0,18.0,-13017,-632.0,0.08578572,0.4214,0.2847,0.2866,1.0
2398,323555,232297.06,13500.0,270000.0,9.0,-13157,-1286.0,0.12,0.4226,0.6797,0.0005274,1.0
2406,394604,95568.75,29092.5,398016.0,16.0,-11860,-1159.0,0.14366667,0.258,0.4336,0.151,1.0
2409,319699,40326.883,25537.5,545040.0,9.75,-15556,-1963.0,0.28375,0.5156,0.142,0.1334,1.0
2412,441905,758995.94,46300.5,634500.0,9.0,-13184,-1621.0,0.257225,0.5244,0.547,0.127,1.0
2416,165366,313262.22,13612.5,170640.0,7.5,-10366,-835.0,0.16805555,0.1155,0.3125,0.633,1.0
2419,453139,86313.15,16096.5,312768.0,10.0,-17529,-1410.0,0.1022,0.2488,0.167,0.1725,1.0
2423,425569,565186.9,28278.0,521280.0,32.4,-15327,-1639.0,0.10473333,0.2698,0.4346,0.0879,1.0
2425,225126,174063.69,37575.0,1042560.0,6.668,-12257,-4211.0,0.18555556,0.256,0.2432,0.562,1.0
2426,164039,156670.88,18810.0,384048.0,6.0,-11776,-1541.0,0.209,0.2644,0.304,0.2793,1.0
2430,455038,210814.39,12294.0,182016.0,14.0,-12264,-719.0,0.05154717,0.4895,0.2654,0.2986,1.0
2431,322392,47783.297,22599.0,284400.0,12.0,-8343,-1316.0,0.14348571,0.1583,0.2651,0.1237,1.0
2432,172625,70893.0,30091.5,625536.0,24.0,-20740,-1628.0,0.26748,0.5835,0.619,0.633,1.0
2433,342878,92172.78,9000.0,180000.0,12.0,-9534,-690.0,0.1,0.07275,0.4001,0.2327,1.0
2435,292617,250802.55,25348.5,518463.0,9.63,-14763,-713.0,0.11266,0.1862,0.715,0.535,1.0
2446,216004,444263.1,40414.5,553581.0,8.57,-14798,-2060.0,0.2566,0.5312,0.348,0.0647,1.0
2447,248829,209397.02,45202.5,1546020.0,8.0,-11526,-1845.0,0.251125,0.584,0.3525,0.2957,1.0
2448,308959,798255.0,21888.0,450000.0,39.0,-11281,-2165.0,0.08106667,0.2783,0.4438,0.10754,1.0
2449,279637,605740.4,45954.0,900000.0,0.0,-15684,-371.0,0.20424,0.597,0.646,0.4136,1.0
2450,444400,519190.53,56299.5,1615968.0,26.0,-16526,-3559.0,0.312775,0.4673,0.5386,0.5796,1.0
2456,413326,1394080.9,12627.0,157500.0,34.8,-11449,-1208.0,0.07015,0.3145,0.2336,0.2289,1.0
2461,215415,168951.23,50269.5,473760.0,6.0,-10746,-2512.0,0.279275,0.3345,0.4963,0.6724,1.0
2466,408376,159687.81,20119.5,254700.0,6.0,-12404,-75.0,0.17884,0.2373,0.501,0.1746,1.0
2468,249163,225313.2,60466.5,1190340.0,11.0,-13568,-1688.0,0.35360527,0.6655,0.4978,0.756,1.0
2475,226822,1160927.4,23017.5,448299.0,15.5,-10856,-4261.0,0.1705,0.3484,0.1891,0.5264,1.0
2477,127663,1401914.6,20466.0,634482.0,13.43,-12674,-1564.0,0.16242857,0.4478,0.631,0.3706,1.0
2478,352383,880344.2,32296.5,630000.0,33.78,-16622,-1488.0,0.23923333,0.3413,0.6094,0.386,1.0
2488,153982,1936972.4,30091.5,906615.0,15.0,-11106,-1656.0,0.19105715,0.3809,0.528,0.535,1.0
2489,383912,599853.4,26622.0,601470.0,15.0,-20570,-1917.0,0.16902857,0.7837,0.5757,0.674,1.0
2494,250543,662689.7,13090.5,343800.0,7.0,-13582,-299.0,0.11636,0.4446,0.5845,0.4705,1.0
2496,202071,793742.25,27558.0,254700.0,14.664,-12213,-1597.0,0.17497143,0.1592,0.695,0.07153,1.0
2497,273976,208916.55,15345.0,326439.0,14.0,-13269,-437.0,0.13115385,0.3298,0.5903,0.5513,1.0
2500,316369,61351.29,33025.5,1125000.0,8.0,-15939,-627.0,0.122316666,0.445,0.31,0.2764,1.0
2502,208207,2465491.2,32472.0,675000.0,15.43,-16104,-2718.0,0.28864,0.665,0.6167,0.3186,1.0
2503,414283,201506.45,48631.5,1223010.0,12.0,-11505,-1080.0,0.15438572,0.3372,0.495,0.5674,1.0
2507,379003,31370.04,24268.5,657000.0,12.0,-16063,-3186.0,0.674125,0.2329,0.259,0.4705,1.0
2510,258228,186502.81,13882.5,364846.5,14.8,-15645,-8355.0,0.1713889,0.499,0.3115,0.519,1.0
2511,285716,25466.896,19822.5,325908.0,6.0,-11086,-990.0,0.1762,0.2532,0.3513,0.3457,1.0
2513,421526,188613.27,38250.0,1303812.0,12.0,-18800,-212.0,0.30357143,0.4717,0.697,0.6724,1.0
2519,377844,1946740.2,21478.5,393543.0,27.6,-16598,-8843.0,0.13637143,0.7046,0.3179,0.2277,1.0
2522,104777,815284.6,30595.5,829224.0,8.75,-15440,-1661.0,0.19425714,0.413,0.4583,0.6245,1.0
2528,360854,403592.44,30838.5,601470.0,16.0,-17957,-1850.0,0.26357692,0.4834,0.379,0.05923,1.0
2530,394417,672483.44,13500.0,270000.0,6.6,-9377,-742.0,0.1,0.2277,0.3508,0.2115,1.0
2537,285088,72147.28,23850.0,239850.0,11.0,-14379,-753.0,0.15142857,0.3037,0.7734,0.4976,1.0
2539,424991,513358.66,22383.0,225000.0,18.0,-15166,-4531.0,0.12753846,0.3877,0.5557,0.722,1.0
2546,140608,104462.82,29970.0,640080.0,7.0,-17199,-1230.0,0.12109091,0.453,0.644,0.11176,1.0
2551,136980,37828.215,28215.0,781920.0,12.0,-18095,-11086.0,0.09646154,0.652,0.586,0.3376,1.0
2553,327644,810315.5,17095.5,211630.5,32.56,-18514,-5374.0,0.15196,0.584,0.4062,0.1556,1.0
2558,200303,178778.52,54436.5,746280.0,6.668,-8570,-800.0,0.20161666,0.2354,0.566,0.3,1.0
2559,167986,2062600.4,62518.5,1798605.0,9.43,-13051,-3288.0,0.26717308,0.378,0.452,0.5103,1.0
2576,349551,96499.305,44302.5,1113840.0,6.0,-13836,-390.0,0.16408333,0.2754,0.68,0.2896,1.0
2581,436770,72892.58,27283.5,700830.0,8.0,-16859,-978.0,0.50525,0.447,0.00303,0.2764,1.0
2588,102254,2748939.8,35073.0,881055.0,16.12,-19147,-1667.0,0.19485,0.8057,0.1915,0.3792,1.0
2591,182724,2039006.9,24601.5,451102.5,8.164,-12140,-2241.0,0.09111667,0.3918,0.04178,0.0701,1.0
2594,297802,145355.27,36081.0,450000.0,12.0,-10836,-221.0,0.22908571,0.0856,0.4507,0.5903,1.0
2597,199111,1276271.6,25312.5,517788.0,16.8,-15427,-5667.0,0.29605263,0.4956,0.5073,0.4795,1.0
2599,143408,187984.12,13842.0,281916.0,12.0,-10909,-194.0,0.20506667,0.3032,0.241,0.11615,1.0
2600,160919,502823.03,35370.0,481495.5,12.0,-14772,-3102.0,0.262,0.6055,0.6123,0.5884,1.0
2603,413199,2572883.0,16546.5,566055.0,16.73,-21967,-5215.0,0.07071154,0.7266,0.6777,0.4119,1.0
2604,108434,104691.24,31995.0,405000.0,7.0,-11048,-466.0,0.237,0.2876,0.4133,0.2664,1.0
2608,292821,1355515.1,13500.0,270000.0,18.0,-16655,-1750.0,0.06382979,0.387,0.1769,0.785,1.0
2619,159116,1200256.0,47965.5,781920.0,9.0,-15301,-1558.0,0.15227143,0.4587,0.6113,0.1777,1.0
